[
  {
    "model": "gamedays.season",
    "pk": 1,
    "fields": {
      "name": "Jederzeit"
    }
  },
  {
    "model": "gamedays.league",
    "pk": 1,
    "fields": {
      "name": "2. Liga"
    }
  },
  {
    "model": "gamedays.league",
    "pk": 2,
    "fields": {
      "name": "1. Liga"
    }
  },
  {
    "model": "gamedays.league",
    "pk": 4,
    "fields": {
      "name": "Regio A"
    }
  },
  {
    "model": "gamedays.league",
    "pk": 5,
    "fields": {
      "name": "Regio B"
    }
  },
  {
    "model": "gamedays.association",
    "pk": 1,
    "fields": {
      "abbr": "assoca",
      "name": "Landesverband A"
    }
  },
  {
    "model": "gamedays.team",
    "pk": 1,
    "fields": {
      "name": "TeamA",
      "description": "Team A",
      "location": "Team A",
      "logo": "",
      "association": 1
    }
  },
  {
    "model": "gamedays.team",
    "pk": 2,
    "fields": {
      "name": "TeamB",
      "description": "Team B",
      "location": "Team B",
      "logo": "",
      "association": 1
    }
  },
  {
    "model": "gamedays.team",
    "pk": 3,
    "fields": {
      "name": "TeamC",
      "description": "Team C",
      "location": "Team C",
      "logo": "",
      "association": 1
    }
  },
  {
    "model": "gamedays.team",
    "pk": 4,
    "fields": {
      "name": "TeamD",
      "description": "Team D",
      "location": "Team D",
      "logo": "",
      "association": 1
    }
  },
  {
    "model": "gamedays.team",
    "pk": 5,
    "fields": {
      "name": "TeamE",
      "description": "Team E",
      "location": "Team E",
      "logo": "",
      "association": 1
    }
  },
  {
    "model": "gamedays.team",
    "pk": 6,
    "fields": {
      "name": "officials",
      "description": "Team Officials",
      "location": "officials",
      "logo": "",
      "association": 1
    }
  },
  {
    "model": "gamedays.team",
    "pk": 7,
    "fields": {
      "name": "Team1",
      "description": "Team 1",
      "location": "Team 1",
      "logo": "",
      "association": 1
    }
  },
  {
    "model": "gamedays.team",
    "pk": 8,
    "fields": {
      "name": "Team2",
      "description": "Team 2",
      "location": "Team 2",
      "logo": "",
      "association": 1
    }
  },
  {
    "model": "gamedays.team",
    "pk": 9,
    "fields": {
      "name": "Team3",
      "description": "Team 3",
      "location": "Team 3",
      "logo": "",
      "association": 1
    }
  },
  {
    "model": "gamedays.team",
    "pk": 10,
    "fields": {
      "name": "Team4",
      "description": "Team 4",
      "location": "Team 4",
      "logo": "",
      "association": 1
    }
  },
  {
    "model": "gamedays.team",
    "pk": 11,
    "fields": {
      "name": "Team5",
      "description": "Team 5",
      "location": "Team 5",
      "logo": "",
      "association": 1
    }
  },
  {
    "model": "gamedays.team",
    "pk": 12,
    "fields": {
      "name": "Team6",
      "description": "Team 6",
      "location": "Team 6",
      "logo": "",
      "association": 1
    }
  },
  {
    "model": "gamedays.team",
    "pk": 13,
    "fields": {
      "name": "TeamI",
      "description": "Team I",
      "location": "Team I",
      "logo": "",
      "association": 1
    }
  },
  {
    "model": "gamedays.team",
    "pk": 14,
    "fields": {
      "name": "TeamII",
      "description": "Team II",
      "location": "Team II",
      "logo": "",
      "association": 1
    }
  },
  {
    "model": "gamedays.team",
    "pk": 15,
    "fields": {
      "name": "TeamIII",
      "description": "Team III",
      "location": "Team III",
      "logo": "",
      "association": 1
    }
  },
  {
    "model": "gamedays.team",
    "pk": 16,
    "fields": {
      "name": "TeamIV",
      "description": "Team IV",
      "location": "Team IV",
      "logo": "",
      "association": 1
    }
  },
  {
    "model": "gamedays.team",
    "pk": 17,
    "fields": {
      "name": "TeamV",
      "description": "Team V",
      "location": "Team V",
      "logo": "",
      "association": 1
    }
  },
  {
    "model": "gamedays.team",
    "pk": 18,
    "fields": {
      "name": "P3 Gruppe 2",
      "description": "P3 Gruppe 2",
      "location": "Dummy",
      "logo": "",
      "association": 1
    }
  },
  {
    "model": "gamedays.team",
    "pk": 19,
    "fields": {
      "name": "P2 Gruppe 2",
      "description": "P2 Gruppe 2",
      "location": "Dummy",
      "logo": "",
      "association": 1
    }
  },
  {
    "model": "gamedays.team",
    "pk": 20,
    "fields": {
      "name": "P1 Gruppe 1",
      "description": "P1 Gruppe 1",
      "location": "Dummy",
      "logo": "",
      "association": 1
    }
  },
  {
    "model": "gamedays.team",
    "pk": 21,
    "fields": {
      "name": "P1 Gruppe 2",
      "description": "P1 Gruppe 2",
      "location": "Dummy",
      "logo": "",
      "association": 1
    }
  },
  {
    "model": "gamedays.team",
    "pk": 22,
    "fields": {
      "name": "Gewinner HF2",
      "description": "Gewinner HF2",
      "location": "Dummy",
      "logo": "",
      "association": 1
    }
  },
  {
    "model": "gamedays.team",
    "pk": 23,
    "fields": {
      "name": "Gewinner HF1",
      "description": "Gewinner HF1",
      "location": "Dummy",
      "logo": "",
      "association": 1
    }
  },
  {
    "model": "gamedays.team",
    "pk": 24,
    "fields": {
      "name": "Verlierer HF1",
      "description": "Verlierer HF1",
      "location": "Dummy",
      "logo": "",
      "association": 1
    }
  },
  {
    "model": "gamedays.team",
    "pk": 25,
    "fields": {
      "name": "Verlierer HF2",
      "description": "Verlierer HF2",
      "location": "Dummy",
      "logo": "",
      "association": 1
    }
  },
  {
    "model": "gamedays.team",
    "pk": 26,
    "fields": {
      "name": "Gewinner P3",
      "description": "Gewinner P3",
      "location": "Dummy",
      "logo": "",
      "association": 1
    }
  },
  {
    "model": "gamedays.team",
    "pk": 27,
    "fields": {
      "name": "P3 Gruppe 1",
      "description": "P3 Gruppe 1",
      "location": "Dummy",
      "logo": "",
      "association": 1
    }
  },
  {
    "model": "gamedays.team",
    "pk": 28,
    "fields": {
      "name": "P2 Gruppe 1",
      "description": "P2 Gruppe 1",
      "location": "Dummy",
      "logo": "",
      "association": 1
    }
  },
  {
    "model": "gamedays.gameday",
    "pk": 1,
    "fields": {
      "name": "Testspieltag 1",
      "season": 1,
      "league": 1,
      "date": "2023-10-31",
      "start": "10:00:00",
      "format": "3_1",
      "author": 1
    }
  },
  {
    "model": "gamedays.gameday",
    "pk": 2,
    "fields": {
      "name": "Testspieltag 2",
      "season": 1,
      "league": 1,
      "date": "2023-10-31",
      "start": "10:00:00",
      "format": "5_dffl1_2",
      "author": 1
    }
  },
  {
    "model": "gamedays.gameday",
    "pk": 3,
    "fields": {
      "name": "1. Liga Spieltag 1",
      "season": 1,
      "league": 2,
      "date": "2024-01-01",
      "start": "10:00:00",
      "format": "6_2",
      "author": 1
    }
  },
  {
    "model": "gamedays.gameday",
    "pk": 4,
    "fields": {
      "name": "1. Liga Spieltag 2",
      "season": 1,
      "league": 2,
      "date": "2024-01-02",
      "start": "10:00:00",
      "format": "6_oneDivision_2",
      "author": 1
    }
  },
  {
    "model": "gamedays.gameday",
    "pk": 5,
    "fields": {
      "name": "1. Liga Spieltag 3",
      "season": 1,
      "league": 2,
      "date": "2024-01-03",
      "start": "10:00:00",
      "format": "6_oneDivision_2",
      "author": 1
    }
  },
  {
    "model": "gamedays.gameday",
    "pk": 6,
    "fields": {
      "name": "1. Liga Spieltag 4",
      "season": 1,
      "league": 2,
      "date": "2024-01-04",
      "start": "10:00:00",
      "format": "6_oneDivision_2",
      "author": 1
    }
  },
  {
    "model": "gamedays.gameday",
    "pk": 7,
    "fields": {
      "name": "2. Liga Spieltag 1",
      "season": 1,
      "league": 1,
      "date": "2024-01-11",
      "start": "10:00:00",
      "format": "5_dffl1_2",
      "author": 1
    }
  },
  {
    "model": "gamedays.gameday",
    "pk": 8,
    "fields": {
      "name": "2. Liga Spieltag 2",
      "season": 1,
      "league": 1,
      "date": "2024-01-12",
      "start": "10:00:00",
      "format": "5_dffl1_2",
      "author": 1
    }
  },
  {
    "model": "gamedays.gameday",
    "pk": 9,
    "fields": {
      "name": "2. Liga Spieltag 3",
      "season": 1,
      "league": 1,
      "date": "2024-01-13",
      "start": "10:00:00",
      "format": "5_dffl1_2",
      "author": 1
    }
  },
  {
    "model": "gamedays.gameday",
    "pk": 10,
    "fields": {
      "name": "2. Liga Spieltag 4",
      "season": 1,
      "league": 1,
      "date": "2024-01-14",
      "start": "10:00:00",
      "format": "5_dffl1_2",
      "author": 1
    }
  },
  {
    "model": "gamedays.gameday",
    "pk": 11,
    "fields": {
      "name": "Regio A - Spieltag 1",
      "season": 1,
      "league": 4,
      "date": "2024-01-21",
      "start": "10:00:00",
      "format": "5_dffl1_2",
      "author": 1
    }
  },
  {
    "model": "gamedays.gameday",
    "pk": 12,
    "fields": {
      "name": "Regio A - Spieltag 2",
      "season": 1,
      "league": 4,
      "date": "2024-01-22",
      "start": "10:00:00",
      "format": "5_dffl1_2",
      "author": 1
    }
  },
  {
    "model": "gamedays.gameday",
    "pk": 13,
    "fields": {
      "name": "Regio A - Spieltag 3",
      "season": 1,
      "league": 4,
      "date": "2024-01-23",
      "start": "10:00:00",
      "format": "5_dffl1_2",
      "author": 1
    }
  },
  {
    "model": "gamedays.gameday",
    "pk": 14,
    "fields": {
      "name": "2. Liga - Passcheck",
      "season": 1,
      "league": 1,
      "date": "2024-02-03",
      "start": "10:00:00",
      "format": "5_dffl1_2",
      "author": 1
    }
  },
  {
    "model": "gamedays.gameday",
    "pk": 15,
    "fields": {
      "name": "Regio A - Spieltag nicht auswählbar",
      "season": 1,
      "league": 4,
      "date": "2024-02-04",
      "start": "10:00:00",
      "format": "5_dffl1_2",
      "author": 1
    }
  },
  {
    "model": "gamedays.gameinfo",
    "pk": 1,
    "fields": {
      "gameday": 1,
      "scheduled": "10:00:00",
      "field": 1,
      "officials": 6,
      "status": "Geplant",
      "gameStarted": null,
      "gameHalftime": null,
      "gameFinished": null,
      "stage": "Hauptrunde",
      "standing": "Gruppe 1",
      "in_possession": null
    }
  },
  {
    "model": "gamedays.gameinfo",
    "pk": 2,
    "fields": {
      "gameday": 1,
      "scheduled": "11:10:00",
      "field": 1,
      "officials": 6,
      "status": "Geplant",
      "gameStarted": null,
      "gameHalftime": null,
      "gameFinished": null,
      "stage": "Hauptrunde",
      "standing": "Gruppe 1",
      "in_possession": null
    }
  },
  {
    "model": "gamedays.gameinfo",
    "pk": 3,
    "fields": {
      "gameday": 1,
      "scheduled": "12:20:00",
      "field": 1,
      "officials": 1,
      "status": "Geplant",
      "gameStarted": null,
      "gameHalftime": null,
      "gameFinished": null,
      "stage": "Hauptrunde",
      "standing": "Gruppe 1",
      "in_possession": null
    }
  },
  {
    "model": "gamedays.gameinfo",
    "pk": 4,
    "fields": {
      "gameday": 1,
      "scheduled": "13:30:00",
      "field": 1,
      "officials": 6,
      "status": "Geplant",
      "gameStarted": null,
      "gameHalftime": null,
      "gameFinished": null,
      "stage": "Hauptrunde",
      "standing": "Gruppe 1",
      "in_possession": null
    }
  },
  {
    "model": "gamedays.gameinfo",
    "pk": 5,
    "fields": {
      "gameday": 1,
      "scheduled": "14:40:00",
      "field": 1,
      "officials": 6,
      "status": "Geplant",
      "gameStarted": null,
      "gameHalftime": null,
      "gameFinished": null,
      "stage": "Hauptrunde",
      "standing": "Gruppe 1",
      "in_possession": null
    }
  },
  {
    "model": "gamedays.gameinfo",
    "pk": 6,
    "fields": {
      "gameday": 1,
      "scheduled": "15:50:00",
      "field": 1,
      "officials": 1,
      "status": "Geplant",
      "gameStarted": null,
      "gameHalftime": null,
      "gameFinished": null,
      "stage": "Hauptrunde",
      "standing": "Gruppe 1",
      "in_possession": null
    }
  },
  {
    "model": "gamedays.gameinfo",
    "pk": 7,
    "fields": {
      "gameday": 2,
      "scheduled": "10:00:00",
      "field": 1,
      "officials": 6,
      "status": "Geplant",
      "gameStarted": null,
      "gameHalftime": null,
      "gameFinished": null,
      "stage": "Hauptrunde",
      "standing": "Gruppe 1",
      "in_possession": null
    }
  },
  {
    "model": "gamedays.gameinfo",
    "pk": 8,
    "fields": {
      "gameday": 2,
      "scheduled": "11:40:00",
      "field": 1,
      "officials": 6,
      "status": "Geplant",
      "gameStarted": null,
      "gameHalftime": null,
      "gameFinished": null,
      "stage": "Hauptrunde",
      "standing": "Gruppe 1",
      "in_possession": null
    }
  },
  {
    "model": "gamedays.gameinfo",
    "pk": 9,
    "fields": {
      "gameday": 2,
      "scheduled": "13:20:00",
      "field": 1,
      "officials": 6,
      "status": "Geplant",
      "gameStarted": null,
      "gameHalftime": null,
      "gameFinished": null,
      "stage": "Hauptrunde",
      "standing": "Gruppe 1",
      "in_possession": null
    }
  },
  {
    "model": "gamedays.gameinfo",
    "pk": 10,
    "fields": {
      "gameday": 2,
      "scheduled": "15:00:00",
      "field": 1,
      "officials": 6,
      "status": "Geplant",
      "gameStarted": null,
      "gameHalftime": null,
      "gameFinished": null,
      "stage": "Hauptrunde",
      "standing": "Gruppe 1",
      "in_possession": null
    }
  },
  {
    "model": "gamedays.gameinfo",
    "pk": 11,
    "fields": {
      "gameday": 2,
      "scheduled": "16:40:00",
      "field": 1,
      "officials": 1,
      "status": "Geplant",
      "gameStarted": null,
      "gameHalftime": null,
      "gameFinished": null,
      "stage": "Hauptrunde",
      "standing": "Gruppe 1",
      "in_possession": null
    }
  },
  {
    "model": "gamedays.gameinfo",
    "pk": 12,
    "fields": {
      "gameday": 2,
      "scheduled": "10:00:00",
      "field": 2,
      "officials": 6,
      "status": "Geplant",
      "gameStarted": null,
      "gameHalftime": null,
      "gameFinished": null,
      "stage": "Hauptrunde",
      "standing": "Gruppe 1",
      "in_possession": null
    }
  },
  {
    "model": "gamedays.gameinfo",
    "pk": 13,
    "fields": {
      "gameday": 2,
      "scheduled": "11:40:00",
      "field": 2,
      "officials": 6,
      "status": "Geplant",
      "gameStarted": null,
      "gameHalftime": null,
      "gameFinished": null,
      "stage": "Hauptrunde",
      "standing": "Gruppe 1",
      "in_possession": null
    }
  },
  {
    "model": "gamedays.gameinfo",
    "pk": 14,
    "fields": {
      "gameday": 2,
      "scheduled": "13:20:00",
      "field": 2,
      "officials": 6,
      "status": "Geplant",
      "gameStarted": null,
      "gameHalftime": null,
      "gameFinished": null,
      "stage": "Hauptrunde",
      "standing": "Gruppe 1",
      "in_possession": null
    }
  },
  {
    "model": "gamedays.gameinfo",
    "pk": 15,
    "fields": {
      "gameday": 2,
      "scheduled": "15:00:00",
      "field": 2,
      "officials": 6,
      "status": "Geplant",
      "gameStarted": null,
      "gameHalftime": null,
      "gameFinished": null,
      "stage": "Hauptrunde",
      "standing": "Gruppe 1",
      "in_possession": null
    }
  },
  {
    "model": "gamedays.gameinfo",
    "pk": 16,
    "fields": {
      "gameday": 2,
      "scheduled": "16:40:00",
      "field": 2,
      "officials": 1,
      "status": "Geplant",
      "gameStarted": null,
      "gameHalftime": null,
      "gameFinished": null,
      "stage": "Hauptrunde",
      "standing": "Gruppe 1",
      "in_possession": null
    }
  },
  {
    "model": "gamedays.gameinfo",
    "pk": 80,
    "fields": {
      "gameday": 3,
      "scheduled": "10:00:00",
      "field": 1,
      "officials": 12,
      "status": "Geplant",
      "gameStarted": null,
      "gameHalftime": null,
      "gameFinished": null,
      "stage": "Vorrunde",
      "standing": "Gruppe 1",
      "in_possession": null
    }
  },
  {
    "model": "gamedays.gameinfo",
    "pk": 81,
    "fields": {
      "gameday": 3,
      "scheduled": "11:10:00",
      "field": 1,
      "officials": 11,
      "status": "Geplant",
      "gameStarted": null,
      "gameHalftime": null,
      "gameFinished": null,
      "stage": "Vorrunde",
      "standing": "Gruppe 1",
      "in_possession": null
    }
  },
  {
    "model": "gamedays.gameinfo",
    "pk": 82,
    "fields": {
      "gameday": 3,
      "scheduled": "12:20:00",
      "field": 1,
      "officials": 10,
      "status": "Geplant",
      "gameStarted": null,
      "gameHalftime": null,
      "gameFinished": null,
      "stage": "Vorrunde",
      "standing": "Gruppe 1",
      "in_possession": null
    }
  },
  {
    "model": "gamedays.gameinfo",
    "pk": 83,
    "fields": {
      "gameday": 3,
      "scheduled": "13:30:00",
      "field": 1,
      "officials": 18,
      "status": "Geplant",
      "gameStarted": null,
      "gameHalftime": null,
      "gameFinished": null,
      "stage": "Finalrunde",
      "standing": "HF",
      "in_possession": null
    }
  },
  {
    "model": "gamedays.gameinfo",
    "pk": 84,
    "fields": {
      "gameday": 3,
      "scheduled": "14:40:00",
      "field": 1,
      "officials": 22,
      "status": "Geplant",
      "gameStarted": null,
      "gameHalftime": null,
      "gameFinished": null,
      "stage": "Finalrunde",
      "standing": "P3",
      "in_possession": null
    }
  },
  {
    "model": "gamedays.gameinfo",
    "pk": 85,
    "fields": {
      "gameday": 3,
      "scheduled": "15:50:00",
      "field": 1,
      "officials": 26,
      "status": "Geplant",
      "gameStarted": null,
      "gameHalftime": null,
      "gameFinished": null,
      "stage": "Finalrunde",
      "standing": "P1",
      "in_possession": null
    }
  },
  {
    "model": "gamedays.gameinfo",
    "pk": 86,
    "fields": {
      "gameday": 3,
      "scheduled": "10:00:00",
      "field": 2,
      "officials": 9,
      "status": "Geplant",
      "gameStarted": null,
      "gameHalftime": null,
      "gameFinished": null,
      "stage": "Vorrunde",
      "standing": "Gruppe 2",
      "in_possession": null
    }
  },
  {
    "model": "gamedays.gameinfo",
    "pk": 87,
    "fields": {
      "gameday": 3,
      "scheduled": "11:10:00",
      "field": 2,
      "officials": 8,
      "status": "Geplant",
      "gameStarted": null,
      "gameHalftime": null,
      "gameFinished": null,
      "stage": "Vorrunde",
      "standing": "Gruppe 2",
      "in_possession": null
    }
  },
  {
    "model": "gamedays.gameinfo",
    "pk": 88,
    "fields": {
      "gameday": 3,
      "scheduled": "12:20:00",
      "field": 2,
      "officials": 7,
      "status": "Geplant",
      "gameStarted": null,
      "gameHalftime": null,
      "gameFinished": null,
      "stage": "Vorrunde",
      "standing": "Gruppe 2",
      "in_possession": null
    }
  },
  {
    "model": "gamedays.gameinfo",
    "pk": 89,
    "fields": {
      "gameday": 3,
      "scheduled": "13:30:00",
      "field": 2,
      "officials": 27,
      "status": "Geplant",
      "gameStarted": null,
      "gameHalftime": null,
      "gameFinished": null,
      "stage": "Finalrunde",
      "standing": "HF",
      "in_possession": null
    }
  },
  {
    "model": "gamedays.gameinfo",
    "pk": 90,
    "fields": {
      "gameday": 3,
      "scheduled": "14:40:00",
      "field": 2,
      "officials": 23,
      "status": "Geplant",
      "gameStarted": null,
      "gameHalftime": null,
      "gameFinished": null,
      "stage": "Finalrunde",
      "standing": "P5",
      "in_possession": null
    }
  },
  {
    "model": "gamedays.gameinfo",
    "pk": 91,
    "fields": {
      "gameday": 4,
      "scheduled": "10:00:00",
      "field": 1,
      "officials": 8,
      "status": "Geplant",
      "gameStarted": null,
      "gameHalftime": null,
      "gameFinished": null,
      "stage": "Hauptrunde",
      "standing": "Gruppe 1",
      "in_possession": null
    }
  },
  {
    "model": "gamedays.gameinfo",
    "pk": 92,
    "fields": {
      "gameday": 4,
      "scheduled": "11:10:00",
      "field": 1,
      "officials": 10,
      "status": "Geplant",
      "gameStarted": null,
      "gameHalftime": null,
      "gameFinished": null,
      "stage": "Hauptrunde",
      "standing": "Gruppe 1",
      "in_possession": null
    }
  },
  {
    "model": "gamedays.gameinfo",
    "pk": 93,
    "fields": {
      "gameday": 4,
      "scheduled": "12:20:00",
      "field": 1,
      "officials": 7,
      "status": "Geplant",
      "gameStarted": null,
      "gameHalftime": null,
      "gameFinished": null,
      "stage": "Hauptrunde",
      "standing": "Gruppe 1",
      "in_possession": null
    }
  },
  {
    "model": "gamedays.gameinfo",
    "pk": 94,
    "fields": {
      "gameday": 4,
      "scheduled": "13:30:00",
      "field": 1,
      "officials": 10,
      "status": "Geplant",
      "gameStarted": null,
      "gameHalftime": null,
      "gameFinished": null,
      "stage": "Hauptrunde",
      "standing": "Gruppe 1",
      "in_possession": null
    }
  },
  {
    "model": "gamedays.gameinfo",
    "pk": 95,
    "fields": {
      "gameday": 4,
      "scheduled": "14:40:00",
      "field": 1,
      "officials": 9,
      "status": "Geplant",
      "gameStarted": null,
      "gameHalftime": null,
      "gameFinished": null,
      "stage": "Hauptrunde",
      "standing": "Gruppe 1",
      "in_possession": null
    }
  },
  {
    "model": "gamedays.gameinfo",
    "pk": 96,
    "fields": {
      "gameday": 4,
      "scheduled": "15:50:00",
      "field": 1,
      "officials": 7,
      "status": "Geplant",
      "gameStarted": null,
      "gameHalftime": null,
      "gameFinished": null,
      "stage": "Hauptrunde",
      "standing": "Gruppe 1",
      "in_possession": null
    }
  },
  {
    "model": "gamedays.gameinfo",
    "pk": 97,
    "fields": {
      "gameday": 4,
      "scheduled": "10:00:00",
      "field": 2,
      "officials": 9,
      "status": "Geplant",
      "gameStarted": null,
      "gameHalftime": null,
      "gameFinished": null,
      "stage": "Hauptrunde",
      "standing": "Gruppe 1",
      "in_possession": null
    }
  },
  {
    "model": "gamedays.gameinfo",
    "pk": 98,
    "fields": {
      "gameday": 4,
      "scheduled": "11:10:00",
      "field": 2,
      "officials": 12,
      "status": "Geplant",
      "gameStarted": null,
      "gameHalftime": null,
      "gameFinished": null,
      "stage": "Hauptrunde",
      "standing": "Gruppe 1",
      "in_possession": null
    }
  },
  {
    "model": "gamedays.gameinfo",
    "pk": 99,
    "fields": {
      "gameday": 4,
      "scheduled": "12:20:00",
      "field": 2,
      "officials": 8,
      "status": "Geplant",
      "gameStarted": null,
      "gameHalftime": null,
      "gameFinished": null,
      "stage": "Hauptrunde",
      "standing": "Gruppe 1",
      "in_possession": null
    }
  },
  {
    "model": "gamedays.gameinfo",
    "pk": 100,
    "fields": {
      "gameday": 4,
      "scheduled": "13:30:00",
      "field": 2,
      "officials": 11,
      "status": "Geplant",
      "gameStarted": null,
      "gameHalftime": null,
      "gameFinished": null,
      "stage": "Hauptrunde",
      "standing": "Gruppe 1",
      "in_possession": null
    }
  },
  {
    "model": "gamedays.gameinfo",
    "pk": 101,
    "fields": {
      "gameday": 4,
      "scheduled": "14:40:00",
      "field": 2,
      "officials": 12,
      "status": "Geplant",
      "gameStarted": null,
      "gameHalftime": null,
      "gameFinished": null,
      "stage": "Hauptrunde",
      "standing": "Gruppe 1",
      "in_possession": null
    }
  },
  {
    "model": "gamedays.gameinfo",
    "pk": 102,
    "fields": {
      "gameday": 4,
      "scheduled": "15:50:00",
      "field": 2,
      "officials": 11,
      "status": "Geplant",
      "gameStarted": null,
      "gameHalftime": null,
      "gameFinished": null,
      "stage": "Hauptrunde",
      "standing": "Gruppe 1",
      "in_possession": null
    }
  },
  {
    "model": "gamedays.gameinfo",
    "pk": 103,
    "fields": {
      "gameday": 5,
      "scheduled": "10:00:00",
      "field": 1,
      "officials": 11,
      "status": "Geplant",
      "gameStarted": null,
      "gameHalftime": null,
      "gameFinished": null,
      "stage": "Hauptrunde",
      "standing": "Gruppe 1",
      "in_possession": null
    }
  },
  {
    "model": "gamedays.gameinfo",
    "pk": 104,
    "fields": {
      "gameday": 5,
      "scheduled": "11:10:00",
      "field": 1,
      "officials": 10,
      "status": "Geplant",
      "gameStarted": null,
      "gameHalftime": null,
      "gameFinished": null,
      "stage": "Hauptrunde",
      "standing": "Gruppe 1",
      "in_possession": null
    }
  },
  {
    "model": "gamedays.gameinfo",
    "pk": 105,
    "fields": {
      "gameday": 5,
      "scheduled": "12:20:00",
      "field": 1,
      "officials": 12,
      "status": "Geplant",
      "gameStarted": null,
      "gameHalftime": null,
      "gameFinished": null,
      "stage": "Hauptrunde",
      "standing": "Gruppe 1",
      "in_possession": null
    }
  },
  {
    "model": "gamedays.gameinfo",
    "pk": 106,
    "fields": {
      "gameday": 5,
      "scheduled": "13:30:00",
      "field": 1,
      "officials": 10,
      "status": "Geplant",
      "gameStarted": null,
      "gameHalftime": null,
      "gameFinished": null,
      "stage": "Hauptrunde",
      "standing": "Gruppe 1",
      "in_possession": null
    }
  },
  {
    "model": "gamedays.gameinfo",
    "pk": 107,
    "fields": {
      "gameday": 5,
      "scheduled": "14:40:00",
      "field": 1,
      "officials": 9,
      "status": "Geplant",
      "gameStarted": null,
      "gameHalftime": null,
      "gameFinished": null,
      "stage": "Hauptrunde",
      "standing": "Gruppe 1",
      "in_possession": null
    }
  },
  {
    "model": "gamedays.gameinfo",
    "pk": 108,
    "fields": {
      "gameday": 5,
      "scheduled": "15:50:00",
      "field": 1,
      "officials": 12,
      "status": "Geplant",
      "gameStarted": null,
      "gameHalftime": null,
      "gameFinished": null,
      "stage": "Hauptrunde",
      "standing": "Gruppe 1",
      "in_possession": null
    }
  },
  {
    "model": "gamedays.gameinfo",
    "pk": 109,
    "fields": {
      "gameday": 5,
      "scheduled": "10:00:00",
      "field": 2,
      "officials": 9,
      "status": "Geplant",
      "gameStarted": null,
      "gameHalftime": null,
      "gameFinished": null,
      "stage": "Hauptrunde",
      "standing": "Gruppe 1",
      "in_possession": null
    }
  },
  {
    "model": "gamedays.gameinfo",
    "pk": 110,
    "fields": {
      "gameday": 5,
      "scheduled": "11:10:00",
      "field": 2,
      "officials": 8,
      "status": "Geplant",
      "gameStarted": null,
      "gameHalftime": null,
      "gameFinished": null,
      "stage": "Hauptrunde",
      "standing": "Gruppe 1",
      "in_possession": null
    }
  },
  {
    "model": "gamedays.gameinfo",
    "pk": 111,
    "fields": {
      "gameday": 5,
      "scheduled": "12:20:00",
      "field": 2,
      "officials": 11,
      "status": "Geplant",
      "gameStarted": null,
      "gameHalftime": null,
      "gameFinished": null,
      "stage": "Hauptrunde",
      "standing": "Gruppe 1",
      "in_possession": null
    }
  },
  {
    "model": "gamedays.gameinfo",
    "pk": 112,
    "fields": {
      "gameday": 5,
      "scheduled": "13:30:00",
      "field": 2,
      "officials": 7,
      "status": "Geplant",
      "gameStarted": null,
      "gameHalftime": null,
      "gameFinished": null,
      "stage": "Hauptrunde",
      "standing": "Gruppe 1",
      "in_possession": null
    }
  },
  {
    "model": "gamedays.gameinfo",
    "pk": 113,
    "fields": {
      "gameday": 5,
      "scheduled": "14:40:00",
      "field": 2,
      "officials": 8,
      "status": "Geplant",
      "gameStarted": null,
      "gameHalftime": null,
      "gameFinished": null,
      "stage": "Hauptrunde",
      "standing": "Gruppe 1",
      "in_possession": null
    }
  },
  {
    "model": "gamedays.gameinfo",
    "pk": 114,
    "fields": {
      "gameday": 5,
      "scheduled": "15:50:00",
      "field": 2,
      "officials": 7,
      "status": "Geplant",
      "gameStarted": null,
      "gameHalftime": null,
      "gameFinished": null,
      "stage": "Hauptrunde",
      "standing": "Gruppe 1",
      "in_possession": null
    }
  },
  {
    "model": "gamedays.gameinfo",
    "pk": 115,
    "fields": {
      "gameday": 6,
      "scheduled": "10:00:00",
      "field": 1,
      "officials": 10,
      "status": "Geplant",
      "gameStarted": null,
      "gameHalftime": null,
      "gameFinished": null,
      "stage": "Hauptrunde",
      "standing": "Gruppe 1",
      "in_possession": null
    }
  },
  {
    "model": "gamedays.gameinfo",
    "pk": 116,
    "fields": {
      "gameday": 6,
      "scheduled": "11:10:00",
      "field": 1,
      "officials": 12,
      "status": "Geplant",
      "gameStarted": null,
      "gameHalftime": null,
      "gameFinished": null,
      "stage": "Hauptrunde",
      "standing": "Gruppe 1",
      "in_possession": null
    }
  },
  {
    "model": "gamedays.gameinfo",
    "pk": 117,
    "fields": {
      "gameday": 6,
      "scheduled": "12:20:00",
      "field": 1,
      "officials": 9,
      "status": "Geplant",
      "gameStarted": null,
      "gameHalftime": null,
      "gameFinished": null,
      "stage": "Hauptrunde",
      "standing": "Gruppe 1",
      "in_possession": null
    }
  },
  {
    "model": "gamedays.gameinfo",
    "pk": 118,
    "fields": {
      "gameday": 6,
      "scheduled": "13:30:00",
      "field": 1,
      "officials": 12,
      "status": "Geplant",
      "gameStarted": null,
      "gameHalftime": null,
      "gameFinished": null,
      "stage": "Hauptrunde",
      "standing": "Gruppe 1",
      "in_possession": null
    }
  },
  {
    "model": "gamedays.gameinfo",
    "pk": 119,
    "fields": {
      "gameday": 6,
      "scheduled": "14:40:00",
      "field": 1,
      "officials": 11,
      "status": "Geplant",
      "gameStarted": null,
      "gameHalftime": null,
      "gameFinished": null,
      "stage": "Hauptrunde",
      "standing": "Gruppe 1",
      "in_possession": null
    }
  },
  {
    "model": "gamedays.gameinfo",
    "pk": 120,
    "fields": {
      "gameday": 6,
      "scheduled": "15:50:00",
      "field": 1,
      "officials": 9,
      "status": "Geplant",
      "gameStarted": null,
      "gameHalftime": null,
      "gameFinished": null,
      "stage": "Hauptrunde",
      "standing": "Gruppe 1",
      "in_possession": null
    }
  },
  {
    "model": "gamedays.gameinfo",
    "pk": 121,
    "fields": {
      "gameday": 6,
      "scheduled": "10:00:00",
      "field": 2,
      "officials": 11,
      "status": "Geplant",
      "gameStarted": null,
      "gameHalftime": null,
      "gameFinished": null,
      "stage": "Hauptrunde",
      "standing": "Gruppe 1",
      "in_possession": null
    }
  },
  {
    "model": "gamedays.gameinfo",
    "pk": 122,
    "fields": {
      "gameday": 6,
      "scheduled": "11:10:00",
      "field": 2,
      "officials": 8,
      "status": "Geplant",
      "gameStarted": null,
      "gameHalftime": null,
      "gameFinished": null,
      "stage": "Hauptrunde",
      "standing": "Gruppe 1",
      "in_possession": null
    }
  },
  {
    "model": "gamedays.gameinfo",
    "pk": 123,
    "fields": {
      "gameday": 6,
      "scheduled": "12:20:00",
      "field": 2,
      "officials": 10,
      "status": "Geplant",
      "gameStarted": null,
      "gameHalftime": null,
      "gameFinished": null,
      "stage": "Hauptrunde",
      "standing": "Gruppe 1",
      "in_possession": null
    }
  },
  {
    "model": "gamedays.gameinfo",
    "pk": 124,
    "fields": {
      "gameday": 6,
      "scheduled": "13:30:00",
      "field": 2,
      "officials": 7,
      "status": "Geplant",
      "gameStarted": null,
      "gameHalftime": null,
      "gameFinished": null,
      "stage": "Hauptrunde",
      "standing": "Gruppe 1",
      "in_possession": null
    }
  },
  {
    "model": "gamedays.gameinfo",
    "pk": 125,
    "fields": {
      "gameday": 6,
      "scheduled": "14:40:00",
      "field": 2,
      "officials": 8,
      "status": "Geplant",
      "gameStarted": null,
      "gameHalftime": null,
      "gameFinished": null,
      "stage": "Hauptrunde",
      "standing": "Gruppe 1",
      "in_possession": null
    }
  },
  {
    "model": "gamedays.gameinfo",
    "pk": 126,
    "fields": {
      "gameday": 6,
      "scheduled": "15:50:00",
      "field": 2,
      "officials": 7,
      "status": "Geplant",
      "gameStarted": null,
      "gameHalftime": null,
      "gameFinished": null,
      "stage": "Hauptrunde",
      "standing": "Gruppe 1",
      "in_possession": null
    }
  },
  {
    "model": "gamedays.gameinfo",
    "pk": 127,
    "fields": {
      "gameday": 7,
      "scheduled": "10:00:00",
      "field": 1,
      "officials": 5,
      "status": "Geplant",
      "gameStarted": null,
      "gameHalftime": null,
      "gameFinished": null,
      "stage": "Hauptrunde",
      "standing": "Gruppe 1",
      "in_possession": null
    }
  },
  {
    "model": "gamedays.gameinfo",
    "pk": 128,
    "fields": {
      "gameday": 7,
      "scheduled": "11:40:00",
      "field": 1,
      "officials": 4,
      "status": "Geplant",
      "gameStarted": null,
      "gameHalftime": null,
      "gameFinished": null,
      "stage": "Hauptrunde",
      "standing": "Gruppe 1",
      "in_possession": null
    }
  },
  {
    "model": "gamedays.gameinfo",
    "pk": 129,
    "fields": {
      "gameday": 7,
      "scheduled": "13:20:00",
      "field": 1,
      "officials": 2,
      "status": "Geplant",
      "gameStarted": null,
      "gameHalftime": null,
      "gameFinished": null,
      "stage": "Hauptrunde",
      "standing": "Gruppe 1",
      "in_possession": null
    }
  },
  {
    "model": "gamedays.gameinfo",
    "pk": 130,
    "fields": {
      "gameday": 7,
      "scheduled": "15:00:00",
      "field": 1,
      "officials": 3,
      "status": "Geplant",
      "gameStarted": null,
      "gameHalftime": null,
      "gameFinished": null,
      "stage": "Hauptrunde",
      "standing": "Gruppe 1",
      "in_possession": null
    }
  },
  {
    "model": "gamedays.gameinfo",
    "pk": 131,
    "fields": {
      "gameday": 7,
      "scheduled": "16:40:00",
      "field": 1,
      "officials": 1,
      "status": "Geplant",
      "gameStarted": null,
      "gameHalftime": null,
      "gameFinished": null,
      "stage": "Hauptrunde",
      "standing": "Gruppe 1",
      "in_possession": null
    }
  },
  {
    "model": "gamedays.gameinfo",
    "pk": 132,
    "fields": {
      "gameday": 7,
      "scheduled": "10:00:00",
      "field": 2,
      "officials": 5,
      "status": "Geplant",
      "gameStarted": null,
      "gameHalftime": null,
      "gameFinished": null,
      "stage": "Hauptrunde",
      "standing": "Gruppe 1",
      "in_possession": null
    }
  },
  {
    "model": "gamedays.gameinfo",
    "pk": 133,
    "fields": {
      "gameday": 7,
      "scheduled": "11:40:00",
      "field": 2,
      "officials": 4,
      "status": "Geplant",
      "gameStarted": null,
      "gameHalftime": null,
      "gameFinished": null,
      "stage": "Hauptrunde",
      "standing": "Gruppe 1",
      "in_possession": null
    }
  },
  {
    "model": "gamedays.gameinfo",
    "pk": 134,
    "fields": {
      "gameday": 7,
      "scheduled": "13:20:00",
      "field": 2,
      "officials": 2,
      "status": "Geplant",
      "gameStarted": null,
      "gameHalftime": null,
      "gameFinished": null,
      "stage": "Hauptrunde",
      "standing": "Gruppe 1",
      "in_possession": null
    }
  },
  {
    "model": "gamedays.gameinfo",
    "pk": 135,
    "fields": {
      "gameday": 7,
      "scheduled": "15:00:00",
      "field": 2,
      "officials": 3,
      "status": "Geplant",
      "gameStarted": null,
      "gameHalftime": null,
      "gameFinished": null,
      "stage": "Hauptrunde",
      "standing": "Gruppe 1",
      "in_possession": null
    }
  },
  {
    "model": "gamedays.gameinfo",
    "pk": 136,
    "fields": {
      "gameday": 7,
      "scheduled": "16:40:00",
      "field": 2,
      "officials": 1,
      "status": "Geplant",
      "gameStarted": null,
      "gameHalftime": null,
      "gameFinished": null,
      "stage": "Hauptrunde",
      "standing": "Gruppe 1",
      "in_possession": null
    }
  },
  {
    "model": "gamedays.gameinfo",
    "pk": 137,
    "fields": {
      "gameday": 8,
      "scheduled": "10:00:00",
      "field": 1,
      "officials": 5,
      "status": "Geplant",
      "gameStarted": null,
      "gameHalftime": null,
      "gameFinished": null,
      "stage": "Hauptrunde",
      "standing": "Gruppe 1",
      "in_possession": null
    }
  },
  {
    "model": "gamedays.gameinfo",
    "pk": 138,
    "fields": {
      "gameday": 8,
      "scheduled": "11:40:00",
      "field": 1,
      "officials": 4,
      "status": "Geplant",
      "gameStarted": null,
      "gameHalftime": null,
      "gameFinished": null,
      "stage": "Hauptrunde",
      "standing": "Gruppe 1",
      "in_possession": null
    }
  },
  {
    "model": "gamedays.gameinfo",
    "pk": 139,
    "fields": {
      "gameday": 8,
      "scheduled": "13:20:00",
      "field": 1,
      "officials": 2,
      "status": "Geplant",
      "gameStarted": null,
      "gameHalftime": null,
      "gameFinished": null,
      "stage": "Hauptrunde",
      "standing": "Gruppe 1",
      "in_possession": null
    }
  },
  {
    "model": "gamedays.gameinfo",
    "pk": 140,
    "fields": {
      "gameday": 8,
      "scheduled": "15:00:00",
      "field": 1,
      "officials": 3,
      "status": "Geplant",
      "gameStarted": null,
      "gameHalftime": null,
      "gameFinished": null,
      "stage": "Hauptrunde",
      "standing": "Gruppe 1",
      "in_possession": null
    }
  },
  {
    "model": "gamedays.gameinfo",
    "pk": 141,
    "fields": {
      "gameday": 8,
      "scheduled": "16:40:00",
      "field": 1,
      "officials": 1,
      "status": "Geplant",
      "gameStarted": null,
      "gameHalftime": null,
      "gameFinished": null,
      "stage": "Hauptrunde",
      "standing": "Gruppe 1",
      "in_possession": null
    }
  },
  {
    "model": "gamedays.gameinfo",
    "pk": 142,
    "fields": {
      "gameday": 8,
      "scheduled": "10:00:00",
      "field": 2,
      "officials": 5,
      "status": "Geplant",
      "gameStarted": null,
      "gameHalftime": null,
      "gameFinished": null,
      "stage": "Hauptrunde",
      "standing": "Gruppe 1",
      "in_possession": null
    }
  },
  {
    "model": "gamedays.gameinfo",
    "pk": 143,
    "fields": {
      "gameday": 8,
      "scheduled": "11:40:00",
      "field": 2,
      "officials": 4,
      "status": "Geplant",
      "gameStarted": null,
      "gameHalftime": null,
      "gameFinished": null,
      "stage": "Hauptrunde",
      "standing": "Gruppe 1",
      "in_possession": null
    }
  },
  {
    "model": "gamedays.gameinfo",
    "pk": 144,
    "fields": {
      "gameday": 8,
      "scheduled": "13:20:00",
      "field": 2,
      "officials": 2,
      "status": "Geplant",
      "gameStarted": null,
      "gameHalftime": null,
      "gameFinished": null,
      "stage": "Hauptrunde",
      "standing": "Gruppe 1",
      "in_possession": null
    }
  },
  {
    "model": "gamedays.gameinfo",
    "pk": 145,
    "fields": {
      "gameday": 8,
      "scheduled": "15:00:00",
      "field": 2,
      "officials": 3,
      "status": "Geplant",
      "gameStarted": null,
      "gameHalftime": null,
      "gameFinished": null,
      "stage": "Hauptrunde",
      "standing": "Gruppe 1",
      "in_possession": null
    }
  },
  {
    "model": "gamedays.gameinfo",
    "pk": 146,
    "fields": {
      "gameday": 8,
      "scheduled": "16:40:00",
      "field": 2,
      "officials": 1,
      "status": "Geplant",
      "gameStarted": null,
      "gameHalftime": null,
      "gameFinished": null,
      "stage": "Hauptrunde",
      "standing": "Gruppe 1",
      "in_possession": null
    }
  },
  {
    "model": "gamedays.gameinfo",
    "pk": 147,
    "fields": {
      "gameday": 9,
      "scheduled": "10:00:00",
      "field": 1,
      "officials": 5,
      "status": "Geplant",
      "gameStarted": null,
      "gameHalftime": null,
      "gameFinished": null,
      "stage": "Hauptrunde",
      "standing": "Gruppe 1",
      "in_possession": null
    }
  },
  {
    "model": "gamedays.gameinfo",
    "pk": 148,
    "fields": {
      "gameday": 9,
      "scheduled": "11:40:00",
      "field": 1,
      "officials": 4,
      "status": "Geplant",
      "gameStarted": null,
      "gameHalftime": null,
      "gameFinished": null,
      "stage": "Hauptrunde",
      "standing": "Gruppe 1",
      "in_possession": null
    }
  },
  {
    "model": "gamedays.gameinfo",
    "pk": 149,
    "fields": {
      "gameday": 9,
      "scheduled": "13:20:00",
      "field": 1,
      "officials": 2,
      "status": "Geplant",
      "gameStarted": null,
      "gameHalftime": null,
      "gameFinished": null,
      "stage": "Hauptrunde",
      "standing": "Gruppe 1",
      "in_possession": null
    }
  },
  {
    "model": "gamedays.gameinfo",
    "pk": 150,
    "fields": {
      "gameday": 9,
      "scheduled": "15:00:00",
      "field": 1,
      "officials": 3,
      "status": "Geplant",
      "gameStarted": null,
      "gameHalftime": null,
      "gameFinished": null,
      "stage": "Hauptrunde",
      "standing": "Gruppe 1",
      "in_possession": null
    }
  },
  {
    "model": "gamedays.gameinfo",
    "pk": 151,
    "fields": {
      "gameday": 9,
      "scheduled": "16:40:00",
      "field": 1,
      "officials": 1,
      "status": "Geplant",
      "gameStarted": null,
      "gameHalftime": null,
      "gameFinished": null,
      "stage": "Hauptrunde",
      "standing": "Gruppe 1",
      "in_possession": null
    }
  },
  {
    "model": "gamedays.gameinfo",
    "pk": 152,
    "fields": {
      "gameday": 9,
      "scheduled": "10:00:00",
      "field": 2,
      "officials": 5,
      "status": "Geplant",
      "gameStarted": null,
      "gameHalftime": null,
      "gameFinished": null,
      "stage": "Hauptrunde",
      "standing": "Gruppe 1",
      "in_possession": null
    }
  },
  {
    "model": "gamedays.gameinfo",
    "pk": 153,
    "fields": {
      "gameday": 9,
      "scheduled": "11:40:00",
      "field": 2,
      "officials": 4,
      "status": "Geplant",
      "gameStarted": null,
      "gameHalftime": null,
      "gameFinished": null,
      "stage": "Hauptrunde",
      "standing": "Gruppe 1",
      "in_possession": null
    }
  },
  {
    "model": "gamedays.gameinfo",
    "pk": 154,
    "fields": {
      "gameday": 9,
      "scheduled": "13:20:00",
      "field": 2,
      "officials": 2,
      "status": "Geplant",
      "gameStarted": null,
      "gameHalftime": null,
      "gameFinished": null,
      "stage": "Hauptrunde",
      "standing": "Gruppe 1",
      "in_possession": null
    }
  },
  {
    "model": "gamedays.gameinfo",
    "pk": 155,
    "fields": {
      "gameday": 9,
      "scheduled": "15:00:00",
      "field": 2,
      "officials": 3,
      "status": "Geplant",
      "gameStarted": null,
      "gameHalftime": null,
      "gameFinished": null,
      "stage": "Hauptrunde",
      "standing": "Gruppe 1",
      "in_possession": null
    }
  },
  {
    "model": "gamedays.gameinfo",
    "pk": 156,
    "fields": {
      "gameday": 9,
      "scheduled": "16:40:00",
      "field": 2,
      "officials": 1,
      "status": "Geplant",
      "gameStarted": null,
      "gameHalftime": null,
      "gameFinished": null,
      "stage": "Hauptrunde",
      "standing": "Gruppe 1",
      "in_possession": null
    }
  },
  {
    "model": "gamedays.gameinfo",
    "pk": 157,
    "fields": {
      "gameday": 10,
      "scheduled": "10:00:00",
      "field": 1,
      "officials": 2,
      "status": "Geplant",
      "gameStarted": null,
      "gameHalftime": null,
      "gameFinished": null,
      "stage": "Hauptrunde",
      "standing": "Gruppe 1",
      "in_possession": null
    }
  },
  {
    "model": "gamedays.gameinfo",
    "pk": 158,
    "fields": {
      "gameday": 10,
      "scheduled": "11:40:00",
      "field": 1,
      "officials": 5,
      "status": "Geplant",
      "gameStarted": null,
      "gameHalftime": null,
      "gameFinished": null,
      "stage": "Hauptrunde",
      "standing": "Gruppe 1",
      "in_possession": null
    }
  },
  {
    "model": "gamedays.gameinfo",
    "pk": 159,
    "fields": {
      "gameday": 10,
      "scheduled": "13:20:00",
      "field": 1,
      "officials": 4,
      "status": "Geplant",
      "gameStarted": null,
      "gameHalftime": null,
      "gameFinished": null,
      "stage": "Hauptrunde",
      "standing": "Gruppe 1",
      "in_possession": null
    }
  },
  {
    "model": "gamedays.gameinfo",
    "pk": 160,
    "fields": {
      "gameday": 10,
      "scheduled": "15:00:00",
      "field": 1,
      "officials": 3,
      "status": "Geplant",
      "gameStarted": null,
      "gameHalftime": null,
      "gameFinished": null,
      "stage": "Hauptrunde",
      "standing": "Gruppe 1",
      "in_possession": null
    }
  },
  {
    "model": "gamedays.gameinfo",
    "pk": 161,
    "fields": {
      "gameday": 10,
      "scheduled": "16:40:00",
      "field": 1,
      "officials": 1,
      "status": "Geplant",
      "gameStarted": null,
      "gameHalftime": null,
      "gameFinished": null,
      "stage": "Hauptrunde",
      "standing": "Gruppe 1",
      "in_possession": null
    }
  },
  {
    "model": "gamedays.gameinfo",
    "pk": 162,
    "fields": {
      "gameday": 10,
      "scheduled": "10:00:00",
      "field": 2,
      "officials": 2,
      "status": "Geplant",
      "gameStarted": null,
      "gameHalftime": null,
      "gameFinished": null,
      "stage": "Hauptrunde",
      "standing": "Gruppe 1",
      "in_possession": null
    }
  },
  {
    "model": "gamedays.gameinfo",
    "pk": 163,
    "fields": {
      "gameday": 10,
      "scheduled": "11:40:00",
      "field": 2,
      "officials": 5,
      "status": "Geplant",
      "gameStarted": null,
      "gameHalftime": null,
      "gameFinished": null,
      "stage": "Hauptrunde",
      "standing": "Gruppe 1",
      "in_possession": null
    }
  },
  {
    "model": "gamedays.gameinfo",
    "pk": 164,
    "fields": {
      "gameday": 10,
      "scheduled": "13:20:00",
      "field": 2,
      "officials": 4,
      "status": "Geplant",
      "gameStarted": null,
      "gameHalftime": null,
      "gameFinished": null,
      "stage": "Hauptrunde",
      "standing": "Gruppe 1",
      "in_possession": null
    }
  },
  {
    "model": "gamedays.gameinfo",
    "pk": 165,
    "fields": {
      "gameday": 10,
      "scheduled": "15:00:00",
      "field": 2,
      "officials": 3,
      "status": "Geplant",
      "gameStarted": null,
      "gameHalftime": null,
      "gameFinished": null,
      "stage": "Hauptrunde",
      "standing": "Gruppe 1",
      "in_possession": null
    }
  },
  {
    "model": "gamedays.gameinfo",
    "pk": 166,
    "fields": {
      "gameday": 10,
      "scheduled": "16:40:00",
      "field": 2,
      "officials": 1,
      "status": "Geplant",
      "gameStarted": null,
      "gameHalftime": null,
      "gameFinished": null,
      "stage": "Hauptrunde",
      "standing": "Gruppe 1",
      "in_possession": null
    }
  },
  {
    "model": "gamedays.gameinfo",
    "pk": 167,
    "fields": {
      "gameday": 11,
      "scheduled": "10:00:00",
      "field": 1,
      "officials": 17,
      "status": "Geplant",
      "gameStarted": null,
      "gameHalftime": null,
      "gameFinished": null,
      "stage": "Hauptrunde",
      "standing": "Gruppe 1",
      "in_possession": null
    }
  },
  {
    "model": "gamedays.gameinfo",
    "pk": 168,
    "fields": {
      "gameday": 11,
      "scheduled": "11:40:00",
      "field": 1,
      "officials": 16,
      "status": "Geplant",
      "gameStarted": null,
      "gameHalftime": null,
      "gameFinished": null,
      "stage": "Hauptrunde",
      "standing": "Gruppe 1",
      "in_possession": null
    }
  },
  {
    "model": "gamedays.gameinfo",
    "pk": 169,
    "fields": {
      "gameday": 11,
      "scheduled": "13:20:00",
      "field": 1,
      "officials": 14,
      "status": "Geplant",
      "gameStarted": null,
      "gameHalftime": null,
      "gameFinished": null,
      "stage": "Hauptrunde",
      "standing": "Gruppe 1",
      "in_possession": null
    }
  },
  {
    "model": "gamedays.gameinfo",
    "pk": 170,
    "fields": {
      "gameday": 11,
      "scheduled": "15:00:00",
      "field": 1,
      "officials": 15,
      "status": "Geplant",
      "gameStarted": null,
      "gameHalftime": null,
      "gameFinished": null,
      "stage": "Hauptrunde",
      "standing": "Gruppe 1",
      "in_possession": null
    }
  },
  {
    "model": "gamedays.gameinfo",
    "pk": 171,
    "fields": {
      "gameday": 11,
      "scheduled": "16:40:00",
      "field": 1,
      "officials": 13,
      "status": "Geplant",
      "gameStarted": null,
      "gameHalftime": null,
      "gameFinished": null,
      "stage": "Hauptrunde",
      "standing": "Gruppe 1",
      "in_possession": null
    }
  },
  {
    "model": "gamedays.gameinfo",
    "pk": 172,
    "fields": {
      "gameday": 11,
      "scheduled": "10:00:00",
      "field": 2,
      "officials": 17,
      "status": "Geplant",
      "gameStarted": null,
      "gameHalftime": null,
      "gameFinished": null,
      "stage": "Hauptrunde",
      "standing": "Gruppe 1",
      "in_possession": null
    }
  },
  {
    "model": "gamedays.gameinfo",
    "pk": 173,
    "fields": {
      "gameday": 11,
      "scheduled": "11:40:00",
      "field": 2,
      "officials": 16,
      "status": "Geplant",
      "gameStarted": null,
      "gameHalftime": null,
      "gameFinished": null,
      "stage": "Hauptrunde",
      "standing": "Gruppe 1",
      "in_possession": null
    }
  },
  {
    "model": "gamedays.gameinfo",
    "pk": 174,
    "fields": {
      "gameday": 11,
      "scheduled": "13:20:00",
      "field": 2,
      "officials": 14,
      "status": "Geplant",
      "gameStarted": null,
      "gameHalftime": null,
      "gameFinished": null,
      "stage": "Hauptrunde",
      "standing": "Gruppe 1",
      "in_possession": null
    }
  },
  {
    "model": "gamedays.gameinfo",
    "pk": 175,
    "fields": {
      "gameday": 11,
      "scheduled": "15:00:00",
      "field": 2,
      "officials": 15,
      "status": "Geplant",
      "gameStarted": null,
      "gameHalftime": null,
      "gameFinished": null,
      "stage": "Hauptrunde",
      "standing": "Gruppe 1",
      "in_possession": null
    }
  },
  {
    "model": "gamedays.gameinfo",
    "pk": 176,
    "fields": {
      "gameday": 11,
      "scheduled": "16:40:00",
      "field": 2,
      "officials": 13,
      "status": "Geplant",
      "gameStarted": null,
      "gameHalftime": null,
      "gameFinished": null,
      "stage": "Hauptrunde",
      "standing": "Gruppe 1",
      "in_possession": null
    }
  },
  {
    "model": "gamedays.gameinfo",
    "pk": 177,
    "fields": {
      "gameday": 12,
      "scheduled": "10:00:00",
      "field": 1,
      "officials": 17,
      "status": "Geplant",
      "gameStarted": null,
      "gameHalftime": null,
      "gameFinished": null,
      "stage": "Hauptrunde",
      "standing": "Gruppe 1",
      "in_possession": null
    }
  },
  {
    "model": "gamedays.gameinfo",
    "pk": 178,
    "fields": {
      "gameday": 12,
      "scheduled": "11:40:00",
      "field": 1,
      "officials": 16,
      "status": "Geplant",
      "gameStarted": null,
      "gameHalftime": null,
      "gameFinished": null,
      "stage": "Hauptrunde",
      "standing": "Gruppe 1",
      "in_possession": null
    }
  },
  {
    "model": "gamedays.gameinfo",
    "pk": 179,
    "fields": {
      "gameday": 12,
      "scheduled": "13:20:00",
      "field": 1,
      "officials": 14,
      "status": "Geplant",
      "gameStarted": null,
      "gameHalftime": null,
      "gameFinished": null,
      "stage": "Hauptrunde",
      "standing": "Gruppe 1",
      "in_possession": null
    }
  },
  {
    "model": "gamedays.gameinfo",
    "pk": 180,
    "fields": {
      "gameday": 12,
      "scheduled": "15:00:00",
      "field": 1,
      "officials": 15,
      "status": "Geplant",
      "gameStarted": null,
      "gameHalftime": null,
      "gameFinished": null,
      "stage": "Hauptrunde",
      "standing": "Gruppe 1",
      "in_possession": null
    }
  },
  {
    "model": "gamedays.gameinfo",
    "pk": 181,
    "fields": {
      "gameday": 12,
      "scheduled": "16:40:00",
      "field": 1,
      "officials": 13,
      "status": "Geplant",
      "gameStarted": null,
      "gameHalftime": null,
      "gameFinished": null,
      "stage": "Hauptrunde",
      "standing": "Gruppe 1",
      "in_possession": null
    }
  },
  {
    "model": "gamedays.gameinfo",
    "pk": 182,
    "fields": {
      "gameday": 12,
      "scheduled": "10:00:00",
      "field": 2,
      "officials": 17,
      "status": "Geplant",
      "gameStarted": null,
      "gameHalftime": null,
      "gameFinished": null,
      "stage": "Hauptrunde",
      "standing": "Gruppe 1",
      "in_possession": null
    }
  },
  {
    "model": "gamedays.gameinfo",
    "pk": 183,
    "fields": {
      "gameday": 12,
      "scheduled": "11:40:00",
      "field": 2,
      "officials": 16,
      "status": "Geplant",
      "gameStarted": null,
      "gameHalftime": null,
      "gameFinished": null,
      "stage": "Hauptrunde",
      "standing": "Gruppe 1",
      "in_possession": null
    }
  },
  {
    "model": "gamedays.gameinfo",
    "pk": 184,
    "fields": {
      "gameday": 12,
      "scheduled": "13:20:00",
      "field": 2,
      "officials": 14,
      "status": "Geplant",
      "gameStarted": null,
      "gameHalftime": null,
      "gameFinished": null,
      "stage": "Hauptrunde",
      "standing": "Gruppe 1",
      "in_possession": null
    }
  },
  {
    "model": "gamedays.gameinfo",
    "pk": 185,
    "fields": {
      "gameday": 12,
      "scheduled": "15:00:00",
      "field": 2,
      "officials": 15,
      "status": "Geplant",
      "gameStarted": null,
      "gameHalftime": null,
      "gameFinished": null,
      "stage": "Hauptrunde",
      "standing": "Gruppe 1",
      "in_possession": null
    }
  },
  {
    "model": "gamedays.gameinfo",
    "pk": 186,
    "fields": {
      "gameday": 12,
      "scheduled": "16:40:00",
      "field": 2,
      "officials": 13,
      "status": "Geplant",
      "gameStarted": null,
      "gameHalftime": null,
      "gameFinished": null,
      "stage": "Hauptrunde",
      "standing": "Gruppe 1",
      "in_possession": null
    }
  },
  {
    "model": "gamedays.gameinfo",
    "pk": 187,
    "fields": {
      "gameday": 13,
      "scheduled": "10:00:00",
      "field": 1,
      "officials": 17,
      "status": "Geplant",
      "gameStarted": null,
      "gameHalftime": null,
      "gameFinished": null,
      "stage": "Hauptrunde",
      "standing": "Gruppe 1",
      "in_possession": null
    }
  },
  {
    "model": "gamedays.gameinfo",
    "pk": 188,
    "fields": {
      "gameday": 13,
      "scheduled": "11:40:00",
      "field": 1,
      "officials": 16,
      "status": "Geplant",
      "gameStarted": null,
      "gameHalftime": null,
      "gameFinished": null,
      "stage": "Hauptrunde",
      "standing": "Gruppe 1",
      "in_possession": null
    }
  },
  {
    "model": "gamedays.gameinfo",
    "pk": 189,
    "fields": {
      "gameday": 13,
      "scheduled": "13:20:00",
      "field": 1,
      "officials": 14,
      "status": "Geplant",
      "gameStarted": null,
      "gameHalftime": null,
      "gameFinished": null,
      "stage": "Hauptrunde",
      "standing": "Gruppe 1",
      "in_possession": null
    }
  },
  {
    "model": "gamedays.gameinfo",
    "pk": 190,
    "fields": {
      "gameday": 13,
      "scheduled": "15:00:00",
      "field": 1,
      "officials": 15,
      "status": "Geplant",
      "gameStarted": null,
      "gameHalftime": null,
      "gameFinished": null,
      "stage": "Hauptrunde",
      "standing": "Gruppe 1",
      "in_possession": null
    }
  },
  {
    "model": "gamedays.gameinfo",
    "pk": 191,
    "fields": {
      "gameday": 13,
      "scheduled": "16:40:00",
      "field": 1,
      "officials": 13,
      "status": "Geplant",
      "gameStarted": null,
      "gameHalftime": null,
      "gameFinished": null,
      "stage": "Hauptrunde",
      "standing": "Gruppe 1",
      "in_possession": null
    }
  },
  {
    "model": "gamedays.gameinfo",
    "pk": 192,
    "fields": {
      "gameday": 13,
      "scheduled": "10:00:00",
      "field": 2,
      "officials": 17,
      "status": "Geplant",
      "gameStarted": null,
      "gameHalftime": null,
      "gameFinished": null,
      "stage": "Hauptrunde",
      "standing": "Gruppe 1",
      "in_possession": null
    }
  },
  {
    "model": "gamedays.gameinfo",
    "pk": 193,
    "fields": {
      "gameday": 13,
      "scheduled": "11:40:00",
      "field": 2,
      "officials": 16,
      "status": "Geplant",
      "gameStarted": null,
      "gameHalftime": null,
      "gameFinished": null,
      "stage": "Hauptrunde",
      "standing": "Gruppe 1",
      "in_possession": null
    }
  },
  {
    "model": "gamedays.gameinfo",
    "pk": 194,
    "fields": {
      "gameday": 13,
      "scheduled": "13:20:00",
      "field": 2,
      "officials": 14,
      "status": "Geplant",
      "gameStarted": null,
      "gameHalftime": null,
      "gameFinished": null,
      "stage": "Hauptrunde",
      "standing": "Gruppe 1",
      "in_possession": null
    }
  },
  {
    "model": "gamedays.gameinfo",
    "pk": 195,
    "fields": {
      "gameday": 13,
      "scheduled": "15:00:00",
      "field": 2,
      "officials": 15,
      "status": "Geplant",
      "gameStarted": null,
      "gameHalftime": null,
      "gameFinished": null,
      "stage": "Hauptrunde",
      "standing": "Gruppe 1",
      "in_possession": null
    }
  },
  {
    "model": "gamedays.gameinfo",
    "pk": 196,
    "fields": {
      "gameday": 13,
      "scheduled": "16:40:00",
      "field": 2,
      "officials": 13,
      "status": "Geplant",
      "gameStarted": null,
      "gameHalftime": null,
      "gameFinished": null,
      "stage": "Hauptrunde",
      "standing": "Gruppe 1",
      "in_possession": null
    }
  },
  {
    "model": "gamedays.gameinfo",
    "pk": 207,
    "fields": {
      "gameday": 14,
      "scheduled": "10:00:00",
      "field": 1,
      "officials": 6,
      "status": "Geplant",
      "gameStarted": null,
      "gameHalftime": null,
      "gameFinished": null,
      "stage": "Hauptrunde",
      "standing": "Gruppe 1",
      "in_possession": null
    }
  },
  {
    "model": "gamedays.gameinfo",
    "pk": 208,
    "fields": {
      "gameday": 14,
      "scheduled": "11:40:00",
      "field": 1,
      "officials": 1,
      "status": "Geplant",
      "gameStarted": null,
      "gameHalftime": null,
      "gameFinished": null,
      "stage": "Hauptrunde",
      "standing": "Gruppe 1",
      "in_possession": null
    }
  },
  {
    "model": "gamedays.gameinfo",
    "pk": 209,
    "fields": {
      "gameday": 14,
      "scheduled": "13:20:00",
      "field": 1,
      "officials": 3,
      "status": "Geplant",
      "gameStarted": null,
      "gameHalftime": null,
      "gameFinished": null,
      "stage": "Hauptrunde",
      "standing": "Gruppe 1",
      "in_possession": null
    }
  },
  {
    "model": "gamedays.gameinfo",
    "pk": 210,
    "fields": {
      "gameday": 14,
      "scheduled": "15:00:00",
      "field": 1,
      "officials": 4,
      "status": "Geplant",
      "gameStarted": null,
      "gameHalftime": null,
      "gameFinished": null,
      "stage": "Hauptrunde",
      "standing": "Gruppe 1",
      "in_possession": null
    }
  },
  {
    "model": "gamedays.gameinfo",
    "pk": 211,
    "fields": {
      "gameday": 14,
      "scheduled": "16:40:00",
      "field": 1,
      "officials": 2,
      "status": "Geplant",
      "gameStarted": null,
      "gameHalftime": null,
      "gameFinished": null,
      "stage": "Hauptrunde",
      "standing": "Gruppe 1",
      "in_possession": null
    }
  },
  {
    "model": "gamedays.gameinfo",
    "pk": 212,
    "fields": {
      "gameday": 14,
      "scheduled": "10:00:00",
      "field": 2,
      "officials": 6,
      "status": "Geplant",
      "gameStarted": null,
      "gameHalftime": null,
      "gameFinished": null,
      "stage": "Hauptrunde",
      "standing": "Gruppe 1",
      "in_possession": null
    }
  },
  {
    "model": "gamedays.gameinfo",
    "pk": 213,
    "fields": {
      "gameday": 14,
      "scheduled": "11:40:00",
      "field": 2,
      "officials": 1,
      "status": "Geplant",
      "gameStarted": null,
      "gameHalftime": null,
      "gameFinished": null,
      "stage": "Hauptrunde",
      "standing": "Gruppe 1",
      "in_possession": null
    }
  },
  {
    "model": "gamedays.gameinfo",
    "pk": 214,
    "fields": {
      "gameday": 14,
      "scheduled": "13:20:00",
      "field": 2,
      "officials": 3,
      "status": "Geplant",
      "gameStarted": null,
      "gameHalftime": null,
      "gameFinished": null,
      "stage": "Hauptrunde",
      "standing": "Gruppe 1",
      "in_possession": null
    }
  },
  {
    "model": "gamedays.gameinfo",
    "pk": 215,
    "fields": {
      "gameday": 14,
      "scheduled": "15:00:00",
      "field": 2,
      "officials": 4,
      "status": "Geplant",
      "gameStarted": null,
      "gameHalftime": null,
      "gameFinished": null,
      "stage": "Hauptrunde",
      "standing": "Gruppe 1",
      "in_possession": null
    }
  },
  {
    "model": "gamedays.gameinfo",
    "pk": 216,
    "fields": {
      "gameday": 14,
      "scheduled": "16:40:00",
      "field": 2,
      "officials": 2,
      "status": "Geplant",
      "gameStarted": null,
      "gameHalftime": null,
      "gameFinished": null,
      "stage": "Hauptrunde",
      "standing": "Gruppe 1",
      "in_possession": null
    }
  },
  {
    "model": "gamedays.gameresult",
    "pk": 1,
    "fields": {
      "gameinfo": 1,
      "team": 1,
      "fh": null,
      "sh": null,
      "pa": null,
      "isHome": true
    }
  },
  {
    "model": "gamedays.gameresult",
    "pk": 2,
    "fields": {
      "gameinfo": 1,
      "team": 2,
      "fh": null,
      "sh": null,
      "pa": null,
      "isHome": false
    }
  },
  {
    "model": "gamedays.gameresult",
    "pk": 3,
    "fields": {
      "gameinfo": 2,
      "team": 1,
      "fh": null,
      "sh": null,
      "pa": null,
      "isHome": true
    }
  },
  {
    "model": "gamedays.gameresult",
    "pk": 4,
    "fields": {
      "gameinfo": 2,
      "team": 3,
      "fh": null,
      "sh": null,
      "pa": null,
      "isHome": false
    }
  },
  {
    "model": "gamedays.gameresult",
    "pk": 5,
    "fields": {
      "gameinfo": 3,
      "team": 3,
      "fh": null,
      "sh": null,
      "pa": null,
      "isHome": true
    }
  },
  {
    "model": "gamedays.gameresult",
    "pk": 6,
    "fields": {
      "gameinfo": 3,
      "team": 2,
      "fh": null,
      "sh": null,
      "pa": null,
      "isHome": false
    }
  },
  {
    "model": "gamedays.gameresult",
    "pk": 7,
    "fields": {
      "gameinfo": 4,
      "team": 2,
      "fh": null,
      "sh": null,
      "pa": null,
      "isHome": true
    }
  },
  {
    "model": "gamedays.gameresult",
    "pk": 8,
    "fields": {
      "gameinfo": 4,
      "team": 1,
      "fh": null,
      "sh": null,
      "pa": null,
      "isHome": false
    }
  },
  {
    "model": "gamedays.gameresult",
    "pk": 9,
    "fields": {
      "gameinfo": 5,
      "team": 3,
      "fh": null,
      "sh": null,
      "pa": null,
      "isHome": true
    }
  },
  {
    "model": "gamedays.gameresult",
    "pk": 10,
    "fields": {
      "gameinfo": 5,
      "team": 1,
      "fh": null,
      "sh": null,
      "pa": null,
      "isHome": false
    }
  },
  {
    "model": "gamedays.gameresult",
    "pk": 11,
    "fields": {
      "gameinfo": 6,
      "team": 2,
      "fh": null,
      "sh": null,
      "pa": null,
      "isHome": true
    }
  },
  {
    "model": "gamedays.gameresult",
    "pk": 12,
    "fields": {
      "gameinfo": 6,
      "team": 3,
      "fh": null,
      "sh": null,
      "pa": null,
      "isHome": false
    }
  },
  {
    "model": "gamedays.gameresult",
    "pk": 13,
    "fields": {
      "gameinfo": 7,
      "team": 1,
      "fh": null,
      "sh": null,
      "pa": null,
      "isHome": true
    }
  },
  {
    "model": "gamedays.gameresult",
    "pk": 14,
    "fields": {
      "gameinfo": 7,
      "team": 2,
      "fh": null,
      "sh": null,
      "pa": null,
      "isHome": false
    }
  },
  {
    "model": "gamedays.gameresult",
    "pk": 15,
    "fields": {
      "gameinfo": 8,
      "team": 3,
      "fh": null,
      "sh": null,
      "pa": null,
      "isHome": true
    }
  },
  {
    "model": "gamedays.gameresult",
    "pk": 16,
    "fields": {
      "gameinfo": 8,
      "team": 1,
      "fh": null,
      "sh": null,
      "pa": null,
      "isHome": false
    }
  },
  {
    "model": "gamedays.gameresult",
    "pk": 17,
    "fields": {
      "gameinfo": 9,
      "team": 5,
      "fh": null,
      "sh": null,
      "pa": null,
      "isHome": true
    }
  },
  {
    "model": "gamedays.gameresult",
    "pk": 18,
    "fields": {
      "gameinfo": 9,
      "team": 3,
      "fh": null,
      "sh": null,
      "pa": null,
      "isHome": false
    }
  },
  {
    "model": "gamedays.gameresult",
    "pk": 19,
    "fields": {
      "gameinfo": 10,
      "team": 4,
      "fh": null,
      "sh": null,
      "pa": null,
      "isHome": true
    }
  },
  {
    "model": "gamedays.gameresult",
    "pk": 20,
    "fields": {
      "gameinfo": 10,
      "team": 2,
      "fh": null,
      "sh": null,
      "pa": null,
      "isHome": false
    }
  },
  {
    "model": "gamedays.gameresult",
    "pk": 21,
    "fields": {
      "gameinfo": 11,
      "team": 4,
      "fh": null,
      "sh": null,
      "pa": null,
      "isHome": true
    }
  },
  {
    "model": "gamedays.gameresult",
    "pk": 22,
    "fields": {
      "gameinfo": 11,
      "team": 5,
      "fh": null,
      "sh": null,
      "pa": null,
      "isHome": false
    }
  },
  {
    "model": "gamedays.gameresult",
    "pk": 23,
    "fields": {
      "gameinfo": 12,
      "team": 3,
      "fh": null,
      "sh": null,
      "pa": null,
      "isHome": true
    }
  },
  {
    "model": "gamedays.gameresult",
    "pk": 24,
    "fields": {
      "gameinfo": 12,
      "team": 4,
      "fh": null,
      "sh": null,
      "pa": null,
      "isHome": false
    }
  },
  {
    "model": "gamedays.gameresult",
    "pk": 25,
    "fields": {
      "gameinfo": 13,
      "team": 2,
      "fh": null,
      "sh": null,
      "pa": null,
      "isHome": true
    }
  },
  {
    "model": "gamedays.gameresult",
    "pk": 26,
    "fields": {
      "gameinfo": 13,
      "team": 5,
      "fh": null,
      "sh": null,
      "pa": null,
      "isHome": false
    }
  },
  {
    "model": "gamedays.gameresult",
    "pk": 27,
    "fields": {
      "gameinfo": 14,
      "team": 1,
      "fh": null,
      "sh": null,
      "pa": null,
      "isHome": true
    }
  },
  {
    "model": "gamedays.gameresult",
    "pk": 28,
    "fields": {
      "gameinfo": 14,
      "team": 4,
      "fh": null,
      "sh": null,
      "pa": null,
      "isHome": false
    }
  },
  {
    "model": "gamedays.gameresult",
    "pk": 29,
    "fields": {
      "gameinfo": 15,
      "team": 5,
      "fh": null,
      "sh": null,
      "pa": null,
      "isHome": true
    }
  },
  {
    "model": "gamedays.gameresult",
    "pk": 30,
    "fields": {
      "gameinfo": 15,
      "team": 1,
      "fh": null,
      "sh": null,
      "pa": null,
      "isHome": false
    }
  },
  {
    "model": "gamedays.gameresult",
    "pk": 31,
    "fields": {
      "gameinfo": 16,
      "team": 2,
      "fh": null,
      "sh": null,
      "pa": null,
      "isHome": true
    }
  },
  {
    "model": "gamedays.gameresult",
    "pk": 32,
    "fields": {
      "gameinfo": 16,
      "team": 3,
      "fh": null,
      "sh": null,
      "pa": null,
      "isHome": false
    }
  },
  {
    "model": "gamedays.gameresult",
    "pk": 120,
    "fields": {
      "gameinfo": 80,
      "team": 7,
      "fh": null,
      "sh": null,
      "pa": null,
      "isHome": true
    }
  },
  {
    "model": "gamedays.gameresult",
    "pk": 121,
    "fields": {
      "gameinfo": 80,
      "team": 8,
      "fh": null,
      "sh": null,
      "pa": null,
      "isHome": false
    }
  },
  {
    "model": "gamedays.gameresult",
    "pk": 122,
    "fields": {
      "gameinfo": 81,
      "team": 9,
      "fh": null,
      "sh": null,
      "pa": null,
      "isHome": true
    }
  },
  {
    "model": "gamedays.gameresult",
    "pk": 123,
    "fields": {
      "gameinfo": 81,
      "team": 7,
      "fh": null,
      "sh": null,
      "pa": null,
      "isHome": false
    }
  },
  {
    "model": "gamedays.gameresult",
    "pk": 124,
    "fields": {
      "gameinfo": 82,
      "team": 8,
      "fh": null,
      "sh": null,
      "pa": null,
      "isHome": true
    }
  },
  {
    "model": "gamedays.gameresult",
    "pk": 125,
    "fields": {
      "gameinfo": 82,
      "team": 9,
      "fh": null,
      "sh": null,
      "pa": null,
      "isHome": false
    }
  },
  {
    "model": "gamedays.gameresult",
    "pk": 126,
    "fields": {
      "gameinfo": 83,
      "team": 19,
      "fh": null,
      "sh": null,
      "pa": null,
      "isHome": true
    }
  },
  {
    "model": "gamedays.gameresult",
    "pk": 127,
    "fields": {
      "gameinfo": 83,
      "team": 20,
      "fh": null,
      "sh": null,
      "pa": null,
      "isHome": false
    }
  },
  {
    "model": "gamedays.gameresult",
    "pk": 128,
    "fields": {
      "gameinfo": 84,
      "team": 24,
      "fh": null,
      "sh": null,
      "pa": null,
      "isHome": true
    }
  },
  {
    "model": "gamedays.gameresult",
    "pk": 129,
    "fields": {
      "gameinfo": 84,
      "team": 25,
      "fh": null,
      "sh": null,
      "pa": null,
      "isHome": false
    }
  },
  {
    "model": "gamedays.gameresult",
    "pk": 130,
    "fields": {
      "gameinfo": 85,
      "team": 23,
      "fh": null,
      "sh": null,
      "pa": null,
      "isHome": true
    }
  },
  {
    "model": "gamedays.gameresult",
    "pk": 131,
    "fields": {
      "gameinfo": 85,
      "team": 22,
      "fh": null,
      "sh": null,
      "pa": null,
      "isHome": false
    }
  },
  {
    "model": "gamedays.gameresult",
    "pk": 132,
    "fields": {
      "gameinfo": 86,
      "team": 10,
      "fh": null,
      "sh": null,
      "pa": null,
      "isHome": true
    }
  },
  {
    "model": "gamedays.gameresult",
    "pk": 133,
    "fields": {
      "gameinfo": 86,
      "team": 11,
      "fh": null,
      "sh": null,
      "pa": null,
      "isHome": false
    }
  },
  {
    "model": "gamedays.gameresult",
    "pk": 134,
    "fields": {
      "gameinfo": 87,
      "team": 12,
      "fh": null,
      "sh": null,
      "pa": null,
      "isHome": true
    }
  },
  {
    "model": "gamedays.gameresult",
    "pk": 135,
    "fields": {
      "gameinfo": 87,
      "team": 10,
      "fh": null,
      "sh": null,
      "pa": null,
      "isHome": false
    }
  },
  {
    "model": "gamedays.gameresult",
    "pk": 136,
    "fields": {
      "gameinfo": 88,
      "team": 11,
      "fh": null,
      "sh": null,
      "pa": null,
      "isHome": true
    }
  },
  {
    "model": "gamedays.gameresult",
    "pk": 137,
    "fields": {
      "gameinfo": 88,
      "team": 12,
      "fh": null,
      "sh": null,
      "pa": null,
      "isHome": false
    }
  },
  {
    "model": "gamedays.gameresult",
    "pk": 138,
    "fields": {
      "gameinfo": 89,
      "team": 28,
      "fh": null,
      "sh": null,
      "pa": null,
      "isHome": true
    }
  },
  {
    "model": "gamedays.gameresult",
    "pk": 139,
    "fields": {
      "gameinfo": 89,
      "team": 21,
      "fh": null,
      "sh": null,
      "pa": null,
      "isHome": false
    }
  },
  {
    "model": "gamedays.gameresult",
    "pk": 140,
    "fields": {
      "gameinfo": 90,
      "team": 27,
      "fh": null,
      "sh": null,
      "pa": null,
      "isHome": true
    }
  },
  {
    "model": "gamedays.gameresult",
    "pk": 141,
    "fields": {
      "gameinfo": 90,
      "team": 18,
      "fh": null,
      "sh": null,
      "pa": null,
      "isHome": false
    }
  },
  {
    "model": "gamedays.gameresult",
    "pk": 142,
    "fields": {
      "gameinfo": 91,
      "team": 7,
      "fh": null,
      "sh": null,
      "pa": null,
      "isHome": true
    }
  },
  {
    "model": "gamedays.gameresult",
    "pk": 143,
    "fields": {
      "gameinfo": 91,
      "team": 11,
      "fh": null,
      "sh": null,
      "pa": null,
      "isHome": false
    }
  },
  {
    "model": "gamedays.gameresult",
    "pk": 144,
    "fields": {
      "gameinfo": 92,
      "team": 7,
      "fh": null,
      "sh": null,
      "pa": null,
      "isHome": true
    }
  },
  {
    "model": "gamedays.gameresult",
    "pk": 145,
    "fields": {
      "gameinfo": 92,
      "team": 8,
      "fh": null,
      "sh": null,
      "pa": null,
      "isHome": false
    }
  },
  {
    "model": "gamedays.gameresult",
    "pk": 146,
    "fields": {
      "gameinfo": 93,
      "team": 10,
      "fh": null,
      "sh": null,
      "pa": null,
      "isHome": true
    }
  },
  {
    "model": "gamedays.gameresult",
    "pk": 147,
    "fields": {
      "gameinfo": 93,
      "team": 11,
      "fh": null,
      "sh": null,
      "pa": null,
      "isHome": false
    }
  },
  {
    "model": "gamedays.gameresult",
    "pk": 148,
    "fields": {
      "gameinfo": 94,
      "team": 12,
      "fh": null,
      "sh": null,
      "pa": null,
      "isHome": true
    }
  },
  {
    "model": "gamedays.gameresult",
    "pk": 149,
    "fields": {
      "gameinfo": 94,
      "team": 7,
      "fh": null,
      "sh": null,
      "pa": null,
      "isHome": false
    }
  },
  {
    "model": "gamedays.gameresult",
    "pk": 150,
    "fields": {
      "gameinfo": 95,
      "team": 11,
      "fh": null,
      "sh": null,
      "pa": null,
      "isHome": true
    }
  },
  {
    "model": "gamedays.gameresult",
    "pk": 151,
    "fields": {
      "gameinfo": 95,
      "team": 7,
      "fh": null,
      "sh": null,
      "pa": null,
      "isHome": false
    }
  },
  {
    "model": "gamedays.gameresult",
    "pk": 152,
    "fields": {
      "gameinfo": 96,
      "team": 9,
      "fh": null,
      "sh": null,
      "pa": null,
      "isHome": true
    }
  },
  {
    "model": "gamedays.gameresult",
    "pk": 153,
    "fields": {
      "gameinfo": 96,
      "team": 10,
      "fh": null,
      "sh": null,
      "pa": null,
      "isHome": false
    }
  },
  {
    "model": "gamedays.gameresult",
    "pk": 154,
    "fields": {
      "gameinfo": 97,
      "team": 12,
      "fh": null,
      "sh": null,
      "pa": null,
      "isHome": true
    }
  },
  {
    "model": "gamedays.gameresult",
    "pk": 155,
    "fields": {
      "gameinfo": 97,
      "team": 10,
      "fh": null,
      "sh": null,
      "pa": null,
      "isHome": false
    }
  },
  {
    "model": "gamedays.gameresult",
    "pk": 156,
    "fields": {
      "gameinfo": 98,
      "team": 9,
      "fh": null,
      "sh": null,
      "pa": null,
      "isHome": true
    }
  },
  {
    "model": "gamedays.gameresult",
    "pk": 157,
    "fields": {
      "gameinfo": 98,
      "team": 11,
      "fh": null,
      "sh": null,
      "pa": null,
      "isHome": false
    }
  },
  {
    "model": "gamedays.gameresult",
    "pk": 158,
    "fields": {
      "gameinfo": 99,
      "team": 12,
      "fh": null,
      "sh": null,
      "pa": null,
      "isHome": true
    }
  },
  {
    "model": "gamedays.gameresult",
    "pk": 159,
    "fields": {
      "gameinfo": 99,
      "team": 9,
      "fh": null,
      "sh": null,
      "pa": null,
      "isHome": false
    }
  },
  {
    "model": "gamedays.gameresult",
    "pk": 160,
    "fields": {
      "gameinfo": 100,
      "team": 8,
      "fh": null,
      "sh": null,
      "pa": null,
      "isHome": true
    }
  },
  {
    "model": "gamedays.gameresult",
    "pk": 161,
    "fields": {
      "gameinfo": 100,
      "team": 9,
      "fh": null,
      "sh": null,
      "pa": null,
      "isHome": false
    }
  },
  {
    "model": "gamedays.gameresult",
    "pk": 162,
    "fields": {
      "gameinfo": 101,
      "team": 10,
      "fh": null,
      "sh": null,
      "pa": null,
      "isHome": true
    }
  },
  {
    "model": "gamedays.gameresult",
    "pk": 163,
    "fields": {
      "gameinfo": 101,
      "team": 8,
      "fh": null,
      "sh": null,
      "pa": null,
      "isHome": false
    }
  },
  {
    "model": "gamedays.gameresult",
    "pk": 164,
    "fields": {
      "gameinfo": 102,
      "team": 12,
      "fh": null,
      "sh": null,
      "pa": null,
      "isHome": true
    }
  },
  {
    "model": "gamedays.gameresult",
    "pk": 165,
    "fields": {
      "gameinfo": 102,
      "team": 8,
      "fh": null,
      "sh": null,
      "pa": null,
      "isHome": false
    }
  },
  {
    "model": "gamedays.gameresult",
    "pk": 166,
    "fields": {
      "gameinfo": 103,
      "team": 12,
      "fh": null,
      "sh": null,
      "pa": null,
      "isHome": true
    }
  },
  {
    "model": "gamedays.gameresult",
    "pk": 167,
    "fields": {
      "gameinfo": 103,
      "team": 7,
      "fh": null,
      "sh": null,
      "pa": null,
      "isHome": false
    }
  },
  {
    "model": "gamedays.gameresult",
    "pk": 168,
    "fields": {
      "gameinfo": 104,
      "team": 12,
      "fh": null,
      "sh": null,
      "pa": null,
      "isHome": true
    }
  },
  {
    "model": "gamedays.gameresult",
    "pk": 169,
    "fields": {
      "gameinfo": 104,
      "team": 11,
      "fh": null,
      "sh": null,
      "pa": null,
      "isHome": false
    }
  },
  {
    "model": "gamedays.gameresult",
    "pk": 170,
    "fields": {
      "gameinfo": 105,
      "team": 10,
      "fh": null,
      "sh": null,
      "pa": null,
      "isHome": true
    }
  },
  {
    "model": "gamedays.gameresult",
    "pk": 171,
    "fields": {
      "gameinfo": 105,
      "team": 7,
      "fh": null,
      "sh": null,
      "pa": null,
      "isHome": false
    }
  },
  {
    "model": "gamedays.gameresult",
    "pk": 172,
    "fields": {
      "gameinfo": 106,
      "team": 8,
      "fh": null,
      "sh": null,
      "pa": null,
      "isHome": true
    }
  },
  {
    "model": "gamedays.gameresult",
    "pk": 173,
    "fields": {
      "gameinfo": 106,
      "team": 12,
      "fh": null,
      "sh": null,
      "pa": null,
      "isHome": false
    }
  },
  {
    "model": "gamedays.gameresult",
    "pk": 174,
    "fields": {
      "gameinfo": 107,
      "team": 7,
      "fh": null,
      "sh": null,
      "pa": null,
      "isHome": true
    }
  },
  {
    "model": "gamedays.gameresult",
    "pk": 175,
    "fields": {
      "gameinfo": 107,
      "team": 12,
      "fh": null,
      "sh": null,
      "pa": null,
      "isHome": false
    }
  },
  {
    "model": "gamedays.gameresult",
    "pk": 176,
    "fields": {
      "gameinfo": 108,
      "team": 9,
      "fh": null,
      "sh": null,
      "pa": null,
      "isHome": true
    }
  },
  {
    "model": "gamedays.gameresult",
    "pk": 177,
    "fields": {
      "gameinfo": 108,
      "team": 10,
      "fh": null,
      "sh": null,
      "pa": null,
      "isHome": false
    }
  },
  {
    "model": "gamedays.gameresult",
    "pk": 178,
    "fields": {
      "gameinfo": 109,
      "team": 8,
      "fh": null,
      "sh": null,
      "pa": null,
      "isHome": true
    }
  },
  {
    "model": "gamedays.gameresult",
    "pk": 179,
    "fields": {
      "gameinfo": 109,
      "team": 10,
      "fh": null,
      "sh": null,
      "pa": null,
      "isHome": false
    }
  },
  {
    "model": "gamedays.gameresult",
    "pk": 180,
    "fields": {
      "gameinfo": 110,
      "team": 9,
      "fh": null,
      "sh": null,
      "pa": null,
      "isHome": true
    }
  },
  {
    "model": "gamedays.gameresult",
    "pk": 181,
    "fields": {
      "gameinfo": 110,
      "team": 7,
      "fh": null,
      "sh": null,
      "pa": null,
      "isHome": false
    }
  },
  {
    "model": "gamedays.gameresult",
    "pk": 182,
    "fields": {
      "gameinfo": 111,
      "team": 8,
      "fh": null,
      "sh": null,
      "pa": null,
      "isHome": true
    }
  },
  {
    "model": "gamedays.gameresult",
    "pk": 183,
    "fields": {
      "gameinfo": 111,
      "team": 9,
      "fh": null,
      "sh": null,
      "pa": null,
      "isHome": false
    }
  },
  {
    "model": "gamedays.gameresult",
    "pk": 184,
    "fields": {
      "gameinfo": 112,
      "team": 11,
      "fh": null,
      "sh": null,
      "pa": null,
      "isHome": true
    }
  },
  {
    "model": "gamedays.gameresult",
    "pk": 185,
    "fields": {
      "gameinfo": 112,
      "team": 9,
      "fh": null,
      "sh": null,
      "pa": null,
      "isHome": false
    }
  },
  {
    "model": "gamedays.gameresult",
    "pk": 186,
    "fields": {
      "gameinfo": 113,
      "team": 10,
      "fh": null,
      "sh": null,
      "pa": null,
      "isHome": true
    }
  },
  {
    "model": "gamedays.gameresult",
    "pk": 187,
    "fields": {
      "gameinfo": 113,
      "team": 11,
      "fh": null,
      "sh": null,
      "pa": null,
      "isHome": false
    }
  },
  {
    "model": "gamedays.gameresult",
    "pk": 188,
    "fields": {
      "gameinfo": 114,
      "team": 8,
      "fh": null,
      "sh": null,
      "pa": null,
      "isHome": true
    }
  },
  {
    "model": "gamedays.gameresult",
    "pk": 189,
    "fields": {
      "gameinfo": 114,
      "team": 11,
      "fh": null,
      "sh": null,
      "pa": null,
      "isHome": false
    }
  },
  {
    "model": "gamedays.gameresult",
    "pk": 190,
    "fields": {
      "gameinfo": 115,
      "team": 9,
      "fh": null,
      "sh": null,
      "pa": null,
      "isHome": true
    }
  },
  {
    "model": "gamedays.gameresult",
    "pk": 191,
    "fields": {
      "gameinfo": 115,
      "team": 7,
      "fh": null,
      "sh": null,
      "pa": null,
      "isHome": false
    }
  },
  {
    "model": "gamedays.gameresult",
    "pk": 192,
    "fields": {
      "gameinfo": 116,
      "team": 9,
      "fh": null,
      "sh": null,
      "pa": null,
      "isHome": true
    }
  },
  {
    "model": "gamedays.gameresult",
    "pk": 193,
    "fields": {
      "gameinfo": 116,
      "team": 10,
      "fh": null,
      "sh": null,
      "pa": null,
      "isHome": false
    }
  },
  {
    "model": "gamedays.gameresult",
    "pk": 194,
    "fields": {
      "gameinfo": 117,
      "team": 12,
      "fh": null,
      "sh": null,
      "pa": null,
      "isHome": true
    }
  },
  {
    "model": "gamedays.gameresult",
    "pk": 195,
    "fields": {
      "gameinfo": 117,
      "team": 7,
      "fh": null,
      "sh": null,
      "pa": null,
      "isHome": false
    }
  },
  {
    "model": "gamedays.gameresult",
    "pk": 196,
    "fields": {
      "gameinfo": 118,
      "team": 8,
      "fh": null,
      "sh": null,
      "pa": null,
      "isHome": true
    }
  },
  {
    "model": "gamedays.gameresult",
    "pk": 197,
    "fields": {
      "gameinfo": 118,
      "team": 9,
      "fh": null,
      "sh": null,
      "pa": null,
      "isHome": false
    }
  },
  {
    "model": "gamedays.gameresult",
    "pk": 198,
    "fields": {
      "gameinfo": 119,
      "team": 7,
      "fh": null,
      "sh": null,
      "pa": null,
      "isHome": true
    }
  },
  {
    "model": "gamedays.gameresult",
    "pk": 199,
    "fields": {
      "gameinfo": 119,
      "team": 9,
      "fh": null,
      "sh": null,
      "pa": null,
      "isHome": false
    }
  },
  {
    "model": "gamedays.gameresult",
    "pk": 200,
    "fields": {
      "gameinfo": 120,
      "team": 11,
      "fh": null,
      "sh": null,
      "pa": null,
      "isHome": true
    }
  },
  {
    "model": "gamedays.gameresult",
    "pk": 201,
    "fields": {
      "gameinfo": 120,
      "team": 12,
      "fh": null,
      "sh": null,
      "pa": null,
      "isHome": false
    }
  },
  {
    "model": "gamedays.gameresult",
    "pk": 202,
    "fields": {
      "gameinfo": 121,
      "team": 8,
      "fh": null,
      "sh": null,
      "pa": null,
      "isHome": true
    }
  },
  {
    "model": "gamedays.gameresult",
    "pk": 203,
    "fields": {
      "gameinfo": 121,
      "team": 12,
      "fh": null,
      "sh": null,
      "pa": null,
      "isHome": false
    }
  },
  {
    "model": "gamedays.gameresult",
    "pk": 204,
    "fields": {
      "gameinfo": 122,
      "team": 11,
      "fh": null,
      "sh": null,
      "pa": null,
      "isHome": true
    }
  },
  {
    "model": "gamedays.gameresult",
    "pk": 205,
    "fields": {
      "gameinfo": 122,
      "team": 7,
      "fh": null,
      "sh": null,
      "pa": null,
      "isHome": false
    }
  },
  {
    "model": "gamedays.gameresult",
    "pk": 206,
    "fields": {
      "gameinfo": 123,
      "team": 8,
      "fh": null,
      "sh": null,
      "pa": null,
      "isHome": true
    }
  },
  {
    "model": "gamedays.gameresult",
    "pk": 207,
    "fields": {
      "gameinfo": 123,
      "team": 11,
      "fh": null,
      "sh": null,
      "pa": null,
      "isHome": false
    }
  },
  {
    "model": "gamedays.gameresult",
    "pk": 208,
    "fields": {
      "gameinfo": 124,
      "team": 10,
      "fh": null,
      "sh": null,
      "pa": null,
      "isHome": true
    }
  },
  {
    "model": "gamedays.gameresult",
    "pk": 209,
    "fields": {
      "gameinfo": 124,
      "team": 11,
      "fh": null,
      "sh": null,
      "pa": null,
      "isHome": false
    }
  },
  {
    "model": "gamedays.gameresult",
    "pk": 210,
    "fields": {
      "gameinfo": 125,
      "team": 12,
      "fh": null,
      "sh": null,
      "pa": null,
      "isHome": true
    }
  },
  {
    "model": "gamedays.gameresult",
    "pk": 211,
    "fields": {
      "gameinfo": 125,
      "team": 10,
      "fh": null,
      "sh": null,
      "pa": null,
      "isHome": false
    }
  },
  {
    "model": "gamedays.gameresult",
    "pk": 212,
    "fields": {
      "gameinfo": 126,
      "team": 8,
      "fh": null,
      "sh": null,
      "pa": null,
      "isHome": true
    }
  },
  {
    "model": "gamedays.gameresult",
    "pk": 213,
    "fields": {
      "gameinfo": 126,
      "team": 10,
      "fh": null,
      "sh": null,
      "pa": null,
      "isHome": false
    }
  },
  {
    "model": "gamedays.gameresult",
    "pk": 214,
    "fields": {
      "gameinfo": 127,
      "team": 1,
      "fh": null,
      "sh": null,
      "pa": null,
      "isHome": true
    }
  },
  {
    "model": "gamedays.gameresult",
    "pk": 215,
    "fields": {
      "gameinfo": 127,
      "team": 2,
      "fh": null,
      "sh": null,
      "pa": null,
      "isHome": false
    }
  },
  {
    "model": "gamedays.gameresult",
    "pk": 216,
    "fields": {
      "gameinfo": 128,
      "team": 3,
      "fh": null,
      "sh": null,
      "pa": null,
      "isHome": true
    }
  },
  {
    "model": "gamedays.gameresult",
    "pk": 217,
    "fields": {
      "gameinfo": 128,
      "team": 1,
      "fh": null,
      "sh": null,
      "pa": null,
      "isHome": false
    }
  },
  {
    "model": "gamedays.gameresult",
    "pk": 218,
    "fields": {
      "gameinfo": 129,
      "team": 5,
      "fh": null,
      "sh": null,
      "pa": null,
      "isHome": true
    }
  },
  {
    "model": "gamedays.gameresult",
    "pk": 219,
    "fields": {
      "gameinfo": 129,
      "team": 3,
      "fh": null,
      "sh": null,
      "pa": null,
      "isHome": false
    }
  },
  {
    "model": "gamedays.gameresult",
    "pk": 220,
    "fields": {
      "gameinfo": 130,
      "team": 4,
      "fh": null,
      "sh": null,
      "pa": null,
      "isHome": true
    }
  },
  {
    "model": "gamedays.gameresult",
    "pk": 221,
    "fields": {
      "gameinfo": 130,
      "team": 2,
      "fh": null,
      "sh": null,
      "pa": null,
      "isHome": false
    }
  },
  {
    "model": "gamedays.gameresult",
    "pk": 222,
    "fields": {
      "gameinfo": 131,
      "team": 4,
      "fh": null,
      "sh": null,
      "pa": null,
      "isHome": true
    }
  },
  {
    "model": "gamedays.gameresult",
    "pk": 223,
    "fields": {
      "gameinfo": 131,
      "team": 5,
      "fh": null,
      "sh": null,
      "pa": null,
      "isHome": false
    }
  },
  {
    "model": "gamedays.gameresult",
    "pk": 224,
    "fields": {
      "gameinfo": 132,
      "team": 3,
      "fh": null,
      "sh": null,
      "pa": null,
      "isHome": true
    }
  },
  {
    "model": "gamedays.gameresult",
    "pk": 225,
    "fields": {
      "gameinfo": 132,
      "team": 4,
      "fh": null,
      "sh": null,
      "pa": null,
      "isHome": false
    }
  },
  {
    "model": "gamedays.gameresult",
    "pk": 226,
    "fields": {
      "gameinfo": 133,
      "team": 2,
      "fh": null,
      "sh": null,
      "pa": null,
      "isHome": true
    }
  },
  {
    "model": "gamedays.gameresult",
    "pk": 227,
    "fields": {
      "gameinfo": 133,
      "team": 5,
      "fh": null,
      "sh": null,
      "pa": null,
      "isHome": false
    }
  },
  {
    "model": "gamedays.gameresult",
    "pk": 228,
    "fields": {
      "gameinfo": 134,
      "team": 1,
      "fh": null,
      "sh": null,
      "pa": null,
      "isHome": true
    }
  },
  {
    "model": "gamedays.gameresult",
    "pk": 229,
    "fields": {
      "gameinfo": 134,
      "team": 4,
      "fh": null,
      "sh": null,
      "pa": null,
      "isHome": false
    }
  },
  {
    "model": "gamedays.gameresult",
    "pk": 230,
    "fields": {
      "gameinfo": 135,
      "team": 5,
      "fh": null,
      "sh": null,
      "pa": null,
      "isHome": true
    }
  },
  {
    "model": "gamedays.gameresult",
    "pk": 231,
    "fields": {
      "gameinfo": 135,
      "team": 1,
      "fh": null,
      "sh": null,
      "pa": null,
      "isHome": false
    }
  },
  {
    "model": "gamedays.gameresult",
    "pk": 232,
    "fields": {
      "gameinfo": 136,
      "team": 2,
      "fh": null,
      "sh": null,
      "pa": null,
      "isHome": true
    }
  },
  {
    "model": "gamedays.gameresult",
    "pk": 233,
    "fields": {
      "gameinfo": 136,
      "team": 3,
      "fh": null,
      "sh": null,
      "pa": null,
      "isHome": false
    }
  },
  {
    "model": "gamedays.gameresult",
    "pk": 234,
    "fields": {
      "gameinfo": 137,
      "team": 1,
      "fh": null,
      "sh": null,
      "pa": null,
      "isHome": true
    }
  },
  {
    "model": "gamedays.gameresult",
    "pk": 235,
    "fields": {
      "gameinfo": 137,
      "team": 2,
      "fh": null,
      "sh": null,
      "pa": null,
      "isHome": false
    }
  },
  {
    "model": "gamedays.gameresult",
    "pk": 236,
    "fields": {
      "gameinfo": 138,
      "team": 3,
      "fh": null,
      "sh": null,
      "pa": null,
      "isHome": true
    }
  },
  {
    "model": "gamedays.gameresult",
    "pk": 237,
    "fields": {
      "gameinfo": 138,
      "team": 1,
      "fh": null,
      "sh": null,
      "pa": null,
      "isHome": false
    }
  },
  {
    "model": "gamedays.gameresult",
    "pk": 238,
    "fields": {
      "gameinfo": 139,
      "team": 5,
      "fh": null,
      "sh": null,
      "pa": null,
      "isHome": true
    }
  },
  {
    "model": "gamedays.gameresult",
    "pk": 239,
    "fields": {
      "gameinfo": 139,
      "team": 3,
      "fh": null,
      "sh": null,
      "pa": null,
      "isHome": false
    }
  },
  {
    "model": "gamedays.gameresult",
    "pk": 240,
    "fields": {
      "gameinfo": 140,
      "team": 4,
      "fh": null,
      "sh": null,
      "pa": null,
      "isHome": true
    }
  },
  {
    "model": "gamedays.gameresult",
    "pk": 241,
    "fields": {
      "gameinfo": 140,
      "team": 2,
      "fh": null,
      "sh": null,
      "pa": null,
      "isHome": false
    }
  },
  {
    "model": "gamedays.gameresult",
    "pk": 242,
    "fields": {
      "gameinfo": 141,
      "team": 4,
      "fh": null,
      "sh": null,
      "pa": null,
      "isHome": true
    }
  },
  {
    "model": "gamedays.gameresult",
    "pk": 243,
    "fields": {
      "gameinfo": 141,
      "team": 5,
      "fh": null,
      "sh": null,
      "pa": null,
      "isHome": false
    }
  },
  {
    "model": "gamedays.gameresult",
    "pk": 244,
    "fields": {
      "gameinfo": 142,
      "team": 3,
      "fh": null,
      "sh": null,
      "pa": null,
      "isHome": true
    }
  },
  {
    "model": "gamedays.gameresult",
    "pk": 245,
    "fields": {
      "gameinfo": 142,
      "team": 4,
      "fh": null,
      "sh": null,
      "pa": null,
      "isHome": false
    }
  },
  {
    "model": "gamedays.gameresult",
    "pk": 246,
    "fields": {
      "gameinfo": 143,
      "team": 2,
      "fh": null,
      "sh": null,
      "pa": null,
      "isHome": true
    }
  },
  {
    "model": "gamedays.gameresult",
    "pk": 247,
    "fields": {
      "gameinfo": 143,
      "team": 5,
      "fh": null,
      "sh": null,
      "pa": null,
      "isHome": false
    }
  },
  {
    "model": "gamedays.gameresult",
    "pk": 248,
    "fields": {
      "gameinfo": 144,
      "team": 1,
      "fh": null,
      "sh": null,
      "pa": null,
      "isHome": true
    }
  },
  {
    "model": "gamedays.gameresult",
    "pk": 249,
    "fields": {
      "gameinfo": 144,
      "team": 4,
      "fh": null,
      "sh": null,
      "pa": null,
      "isHome": false
    }
  },
  {
    "model": "gamedays.gameresult",
    "pk": 250,
    "fields": {
      "gameinfo": 145,
      "team": 5,
      "fh": null,
      "sh": null,
      "pa": null,
      "isHome": true
    }
  },
  {
    "model": "gamedays.gameresult",
    "pk": 251,
    "fields": {
      "gameinfo": 145,
      "team": 1,
      "fh": null,
      "sh": null,
      "pa": null,
      "isHome": false
    }
  },
  {
    "model": "gamedays.gameresult",
    "pk": 252,
    "fields": {
      "gameinfo": 146,
      "team": 2,
      "fh": null,
      "sh": null,
      "pa": null,
      "isHome": true
    }
  },
  {
    "model": "gamedays.gameresult",
    "pk": 253,
    "fields": {
      "gameinfo": 146,
      "team": 3,
      "fh": null,
      "sh": null,
      "pa": null,
      "isHome": false
    }
  },
  {
    "model": "gamedays.gameresult",
    "pk": 254,
    "fields": {
      "gameinfo": 147,
      "team": 1,
      "fh": null,
      "sh": null,
      "pa": null,
      "isHome": true
    }
  },
  {
    "model": "gamedays.gameresult",
    "pk": 255,
    "fields": {
      "gameinfo": 147,
      "team": 2,
      "fh": null,
      "sh": null,
      "pa": null,
      "isHome": false
    }
  },
  {
    "model": "gamedays.gameresult",
    "pk": 256,
    "fields": {
      "gameinfo": 148,
      "team": 3,
      "fh": null,
      "sh": null,
      "pa": null,
      "isHome": true
    }
  },
  {
    "model": "gamedays.gameresult",
    "pk": 257,
    "fields": {
      "gameinfo": 148,
      "team": 1,
      "fh": null,
      "sh": null,
      "pa": null,
      "isHome": false
    }
  },
  {
    "model": "gamedays.gameresult",
    "pk": 258,
    "fields": {
      "gameinfo": 149,
      "team": 5,
      "fh": null,
      "sh": null,
      "pa": null,
      "isHome": true
    }
  },
  {
    "model": "gamedays.gameresult",
    "pk": 259,
    "fields": {
      "gameinfo": 149,
      "team": 3,
      "fh": null,
      "sh": null,
      "pa": null,
      "isHome": false
    }
  },
  {
    "model": "gamedays.gameresult",
    "pk": 260,
    "fields": {
      "gameinfo": 150,
      "team": 4,
      "fh": null,
      "sh": null,
      "pa": null,
      "isHome": true
    }
  },
  {
    "model": "gamedays.gameresult",
    "pk": 261,
    "fields": {
      "gameinfo": 150,
      "team": 2,
      "fh": null,
      "sh": null,
      "pa": null,
      "isHome": false
    }
  },
  {
    "model": "gamedays.gameresult",
    "pk": 262,
    "fields": {
      "gameinfo": 151,
      "team": 4,
      "fh": null,
      "sh": null,
      "pa": null,
      "isHome": true
    }
  },
  {
    "model": "gamedays.gameresult",
    "pk": 263,
    "fields": {
      "gameinfo": 151,
      "team": 5,
      "fh": null,
      "sh": null,
      "pa": null,
      "isHome": false
    }
  },
  {
    "model": "gamedays.gameresult",
    "pk": 264,
    "fields": {
      "gameinfo": 152,
      "team": 3,
      "fh": null,
      "sh": null,
      "pa": null,
      "isHome": true
    }
  },
  {
    "model": "gamedays.gameresult",
    "pk": 265,
    "fields": {
      "gameinfo": 152,
      "team": 4,
      "fh": null,
      "sh": null,
      "pa": null,
      "isHome": false
    }
  },
  {
    "model": "gamedays.gameresult",
    "pk": 266,
    "fields": {
      "gameinfo": 153,
      "team": 2,
      "fh": null,
      "sh": null,
      "pa": null,
      "isHome": true
    }
  },
  {
    "model": "gamedays.gameresult",
    "pk": 267,
    "fields": {
      "gameinfo": 153,
      "team": 5,
      "fh": null,
      "sh": null,
      "pa": null,
      "isHome": false
    }
  },
  {
    "model": "gamedays.gameresult",
    "pk": 268,
    "fields": {
      "gameinfo": 154,
      "team": 1,
      "fh": null,
      "sh": null,
      "pa": null,
      "isHome": true
    }
  },
  {
    "model": "gamedays.gameresult",
    "pk": 269,
    "fields": {
      "gameinfo": 154,
      "team": 4,
      "fh": null,
      "sh": null,
      "pa": null,
      "isHome": false
    }
  },
  {
    "model": "gamedays.gameresult",
    "pk": 270,
    "fields": {
      "gameinfo": 155,
      "team": 5,
      "fh": null,
      "sh": null,
      "pa": null,
      "isHome": true
    }
  },
  {
    "model": "gamedays.gameresult",
    "pk": 271,
    "fields": {
      "gameinfo": 155,
      "team": 1,
      "fh": null,
      "sh": null,
      "pa": null,
      "isHome": false
    }
  },
  {
    "model": "gamedays.gameresult",
    "pk": 272,
    "fields": {
      "gameinfo": 156,
      "team": 2,
      "fh": null,
      "sh": null,
      "pa": null,
      "isHome": true
    }
  },
  {
    "model": "gamedays.gameresult",
    "pk": 273,
    "fields": {
      "gameinfo": 156,
      "team": 3,
      "fh": null,
      "sh": null,
      "pa": null,
      "isHome": false
    }
  },
  {
    "model": "gamedays.gameresult",
    "pk": 274,
    "fields": {
      "gameinfo": 157,
      "team": 1,
      "fh": null,
      "sh": null,
      "pa": null,
      "isHome": true
    }
  },
  {
    "model": "gamedays.gameresult",
    "pk": 275,
    "fields": {
      "gameinfo": 157,
      "team": 4,
      "fh": null,
      "sh": null,
      "pa": null,
      "isHome": false
    }
  },
  {
    "model": "gamedays.gameresult",
    "pk": 276,
    "fields": {
      "gameinfo": 158,
      "team": 3,
      "fh": null,
      "sh": null,
      "pa": null,
      "isHome": true
    }
  },
  {
    "model": "gamedays.gameresult",
    "pk": 277,
    "fields": {
      "gameinfo": 158,
      "team": 1,
      "fh": null,
      "sh": null,
      "pa": null,
      "isHome": false
    }
  },
  {
    "model": "gamedays.gameresult",
    "pk": 278,
    "fields": {
      "gameinfo": 159,
      "team": 2,
      "fh": null,
      "sh": null,
      "pa": null,
      "isHome": true
    }
  },
  {
    "model": "gamedays.gameresult",
    "pk": 279,
    "fields": {
      "gameinfo": 159,
      "team": 3,
      "fh": null,
      "sh": null,
      "pa": null,
      "isHome": false
    }
  },
  {
    "model": "gamedays.gameresult",
    "pk": 280,
    "fields": {
      "gameinfo": 160,
      "team": 5,
      "fh": null,
      "sh": null,
      "pa": null,
      "isHome": true
    }
  },
  {
    "model": "gamedays.gameresult",
    "pk": 281,
    "fields": {
      "gameinfo": 160,
      "team": 4,
      "fh": null,
      "sh": null,
      "pa": null,
      "isHome": false
    }
  },
  {
    "model": "gamedays.gameresult",
    "pk": 282,
    "fields": {
      "gameinfo": 161,
      "team": 5,
      "fh": null,
      "sh": null,
      "pa": null,
      "isHome": true
    }
  },
  {
    "model": "gamedays.gameresult",
    "pk": 283,
    "fields": {
      "gameinfo": 161,
      "team": 2,
      "fh": null,
      "sh": null,
      "pa": null,
      "isHome": false
    }
  },
  {
    "model": "gamedays.gameresult",
    "pk": 284,
    "fields": {
      "gameinfo": 162,
      "team": 3,
      "fh": null,
      "sh": null,
      "pa": null,
      "isHome": true
    }
  },
  {
    "model": "gamedays.gameresult",
    "pk": 285,
    "fields": {
      "gameinfo": 162,
      "team": 5,
      "fh": null,
      "sh": null,
      "pa": null,
      "isHome": false
    }
  },
  {
    "model": "gamedays.gameresult",
    "pk": 286,
    "fields": {
      "gameinfo": 163,
      "team": 4,
      "fh": null,
      "sh": null,
      "pa": null,
      "isHome": true
    }
  },
  {
    "model": "gamedays.gameresult",
    "pk": 287,
    "fields": {
      "gameinfo": 163,
      "team": 2,
      "fh": null,
      "sh": null,
      "pa": null,
      "isHome": false
    }
  },
  {
    "model": "gamedays.gameresult",
    "pk": 288,
    "fields": {
      "gameinfo": 164,
      "team": 1,
      "fh": null,
      "sh": null,
      "pa": null,
      "isHome": true
    }
  },
  {
    "model": "gamedays.gameresult",
    "pk": 289,
    "fields": {
      "gameinfo": 164,
      "team": 5,
      "fh": null,
      "sh": null,
      "pa": null,
      "isHome": false
    }
  },
  {
    "model": "gamedays.gameresult",
    "pk": 290,
    "fields": {
      "gameinfo": 165,
      "team": 2,
      "fh": null,
      "sh": null,
      "pa": null,
      "isHome": true
    }
  },
  {
    "model": "gamedays.gameresult",
    "pk": 291,
    "fields": {
      "gameinfo": 165,
      "team": 1,
      "fh": null,
      "sh": null,
      "pa": null,
      "isHome": false
    }
  },
  {
    "model": "gamedays.gameresult",
    "pk": 292,
    "fields": {
      "gameinfo": 166,
      "team": 4,
      "fh": null,
      "sh": null,
      "pa": null,
      "isHome": true
    }
  },
  {
    "model": "gamedays.gameresult",
    "pk": 293,
    "fields": {
      "gameinfo": 166,
      "team": 3,
      "fh": null,
      "sh": null,
      "pa": null,
      "isHome": false
    }
  },
  {
    "model": "gamedays.gameresult",
    "pk": 294,
    "fields": {
      "gameinfo": 167,
      "team": 13,
      "fh": null,
      "sh": null,
      "pa": null,
      "isHome": true
    }
  },
  {
    "model": "gamedays.gameresult",
    "pk": 295,
    "fields": {
      "gameinfo": 167,
      "team": 14,
      "fh": null,
      "sh": null,
      "pa": null,
      "isHome": false
    }
  },
  {
    "model": "gamedays.gameresult",
    "pk": 296,
    "fields": {
      "gameinfo": 168,
      "team": 15,
      "fh": null,
      "sh": null,
      "pa": null,
      "isHome": true
    }
  },
  {
    "model": "gamedays.gameresult",
    "pk": 297,
    "fields": {
      "gameinfo": 168,
      "team": 13,
      "fh": null,
      "sh": null,
      "pa": null,
      "isHome": false
    }
  },
  {
    "model": "gamedays.gameresult",
    "pk": 298,
    "fields": {
      "gameinfo": 169,
      "team": 17,
      "fh": null,
      "sh": null,
      "pa": null,
      "isHome": true
    }
  },
  {
    "model": "gamedays.gameresult",
    "pk": 299,
    "fields": {
      "gameinfo": 169,
      "team": 15,
      "fh": null,
      "sh": null,
      "pa": null,
      "isHome": false
    }
  },
  {
    "model": "gamedays.gameresult",
    "pk": 300,
    "fields": {
      "gameinfo": 170,
      "team": 16,
      "fh": null,
      "sh": null,
      "pa": null,
      "isHome": true
    }
  },
  {
    "model": "gamedays.gameresult",
    "pk": 301,
    "fields": {
      "gameinfo": 170,
      "team": 14,
      "fh": null,
      "sh": null,
      "pa": null,
      "isHome": false
    }
  },
  {
    "model": "gamedays.gameresult",
    "pk": 302,
    "fields": {
      "gameinfo": 171,
      "team": 16,
      "fh": null,
      "sh": null,
      "pa": null,
      "isHome": true
    }
  },
  {
    "model": "gamedays.gameresult",
    "pk": 303,
    "fields": {
      "gameinfo": 171,
      "team": 17,
      "fh": null,
      "sh": null,
      "pa": null,
      "isHome": false
    }
  },
  {
    "model": "gamedays.gameresult",
    "pk": 304,
    "fields": {
      "gameinfo": 172,
      "team": 15,
      "fh": null,
      "sh": null,
      "pa": null,
      "isHome": true
    }
  },
  {
    "model": "gamedays.gameresult",
    "pk": 305,
    "fields": {
      "gameinfo": 172,
      "team": 16,
      "fh": null,
      "sh": null,
      "pa": null,
      "isHome": false
    }
  },
  {
    "model": "gamedays.gameresult",
    "pk": 306,
    "fields": {
      "gameinfo": 173,
      "team": 14,
      "fh": null,
      "sh": null,
      "pa": null,
      "isHome": true
    }
  },
  {
    "model": "gamedays.gameresult",
    "pk": 307,
    "fields": {
      "gameinfo": 173,
      "team": 17,
      "fh": null,
      "sh": null,
      "pa": null,
      "isHome": false
    }
  },
  {
    "model": "gamedays.gameresult",
    "pk": 308,
    "fields": {
      "gameinfo": 174,
      "team": 13,
      "fh": null,
      "sh": null,
      "pa": null,
      "isHome": true
    }
  },
  {
    "model": "gamedays.gameresult",
    "pk": 309,
    "fields": {
      "gameinfo": 174,
      "team": 16,
      "fh": null,
      "sh": null,
      "pa": null,
      "isHome": false
    }
  },
  {
    "model": "gamedays.gameresult",
    "pk": 310,
    "fields": {
      "gameinfo": 175,
      "team": 17,
      "fh": null,
      "sh": null,
      "pa": null,
      "isHome": true
    }
  },
  {
    "model": "gamedays.gameresult",
    "pk": 311,
    "fields": {
      "gameinfo": 175,
      "team": 13,
      "fh": null,
      "sh": null,
      "pa": null,
      "isHome": false
    }
  },
  {
    "model": "gamedays.gameresult",
    "pk": 312,
    "fields": {
      "gameinfo": 176,
      "team": 14,
      "fh": null,
      "sh": null,
      "pa": null,
      "isHome": true
    }
  },
  {
    "model": "gamedays.gameresult",
    "pk": 313,
    "fields": {
      "gameinfo": 176,
      "team": 15,
      "fh": null,
      "sh": null,
      "pa": null,
      "isHome": false
    }
  },
  {
    "model": "gamedays.gameresult",
    "pk": 314,
    "fields": {
      "gameinfo": 177,
      "team": 13,
      "fh": null,
      "sh": null,
      "pa": null,
      "isHome": true
    }
  },
  {
    "model": "gamedays.gameresult",
    "pk": 315,
    "fields": {
      "gameinfo": 177,
      "team": 14,
      "fh": null,
      "sh": null,
      "pa": null,
      "isHome": false
    }
  },
  {
    "model": "gamedays.gameresult",
    "pk": 316,
    "fields": {
      "gameinfo": 178,
      "team": 15,
      "fh": null,
      "sh": null,
      "pa": null,
      "isHome": true
    }
  },
  {
    "model": "gamedays.gameresult",
    "pk": 317,
    "fields": {
      "gameinfo": 178,
      "team": 13,
      "fh": null,
      "sh": null,
      "pa": null,
      "isHome": false
    }
  },
  {
    "model": "gamedays.gameresult",
    "pk": 318,
    "fields": {
      "gameinfo": 179,
      "team": 17,
      "fh": null,
      "sh": null,
      "pa": null,
      "isHome": true
    }
  },
  {
    "model": "gamedays.gameresult",
    "pk": 319,
    "fields": {
      "gameinfo": 179,
      "team": 15,
      "fh": null,
      "sh": null,
      "pa": null,
      "isHome": false
    }
  },
  {
    "model": "gamedays.gameresult",
    "pk": 320,
    "fields": {
      "gameinfo": 180,
      "team": 16,
      "fh": null,
      "sh": null,
      "pa": null,
      "isHome": true
    }
  },
  {
    "model": "gamedays.gameresult",
    "pk": 321,
    "fields": {
      "gameinfo": 180,
      "team": 14,
      "fh": null,
      "sh": null,
      "pa": null,
      "isHome": false
    }
  },
  {
    "model": "gamedays.gameresult",
    "pk": 322,
    "fields": {
      "gameinfo": 181,
      "team": 16,
      "fh": null,
      "sh": null,
      "pa": null,
      "isHome": true
    }
  },
  {
    "model": "gamedays.gameresult",
    "pk": 323,
    "fields": {
      "gameinfo": 181,
      "team": 17,
      "fh": null,
      "sh": null,
      "pa": null,
      "isHome": false
    }
  },
  {
    "model": "gamedays.gameresult",
    "pk": 324,
    "fields": {
      "gameinfo": 182,
      "team": 15,
      "fh": null,
      "sh": null,
      "pa": null,
      "isHome": true
    }
  },
  {
    "model": "gamedays.gameresult",
    "pk": 325,
    "fields": {
      "gameinfo": 182,
      "team": 16,
      "fh": null,
      "sh": null,
      "pa": null,
      "isHome": false
    }
  },
  {
    "model": "gamedays.gameresult",
    "pk": 326,
    "fields": {
      "gameinfo": 183,
      "team": 14,
      "fh": null,
      "sh": null,
      "pa": null,
      "isHome": true
    }
  },
  {
    "model": "gamedays.gameresult",
    "pk": 327,
    "fields": {
      "gameinfo": 183,
      "team": 17,
      "fh": null,
      "sh": null,
      "pa": null,
      "isHome": false
    }
  },
  {
    "model": "gamedays.gameresult",
    "pk": 328,
    "fields": {
      "gameinfo": 184,
      "team": 13,
      "fh": null,
      "sh": null,
      "pa": null,
      "isHome": true
    }
  },
  {
    "model": "gamedays.gameresult",
    "pk": 329,
    "fields": {
      "gameinfo": 184,
      "team": 16,
      "fh": null,
      "sh": null,
      "pa": null,
      "isHome": false
    }
  },
  {
    "model": "gamedays.gameresult",
    "pk": 330,
    "fields": {
      "gameinfo": 185,
      "team": 17,
      "fh": null,
      "sh": null,
      "pa": null,
      "isHome": true
    }
  },
  {
    "model": "gamedays.gameresult",
    "pk": 331,
    "fields": {
      "gameinfo": 185,
      "team": 13,
      "fh": null,
      "sh": null,
      "pa": null,
      "isHome": false
    }
  },
  {
    "model": "gamedays.gameresult",
    "pk": 332,
    "fields": {
      "gameinfo": 186,
      "team": 14,
      "fh": null,
      "sh": null,
      "pa": null,
      "isHome": true
    }
  },
  {
    "model": "gamedays.gameresult",
    "pk": 333,
    "fields": {
      "gameinfo": 186,
      "team": 15,
      "fh": null,
      "sh": null,
      "pa": null,
      "isHome": false
    }
  },
  {
    "model": "gamedays.gameresult",
    "pk": 334,
    "fields": {
      "gameinfo": 187,
      "team": 13,
      "fh": null,
      "sh": null,
      "pa": null,
      "isHome": true
    }
  },
  {
    "model": "gamedays.gameresult",
    "pk": 335,
    "fields": {
      "gameinfo": 187,
      "team": 14,
      "fh": null,
      "sh": null,
      "pa": null,
      "isHome": false
    }
  },
  {
    "model": "gamedays.gameresult",
    "pk": 336,
    "fields": {
      "gameinfo": 188,
      "team": 15,
      "fh": null,
      "sh": null,
      "pa": null,
      "isHome": true
    }
  },
  {
    "model": "gamedays.gameresult",
    "pk": 337,
    "fields": {
      "gameinfo": 188,
      "team": 13,
      "fh": null,
      "sh": null,
      "pa": null,
      "isHome": false
    }
  },
  {
    "model": "gamedays.gameresult",
    "pk": 338,
    "fields": {
      "gameinfo": 189,
      "team": 17,
      "fh": null,
      "sh": null,
      "pa": null,
      "isHome": true
    }
  },
  {
    "model": "gamedays.gameresult",
    "pk": 339,
    "fields": {
      "gameinfo": 189,
      "team": 15,
      "fh": null,
      "sh": null,
      "pa": null,
      "isHome": false
    }
  },
  {
    "model": "gamedays.gameresult",
    "pk": 340,
    "fields": {
      "gameinfo": 190,
      "team": 16,
      "fh": null,
      "sh": null,
      "pa": null,
      "isHome": true
    }
  },
  {
    "model": "gamedays.gameresult",
    "pk": 341,
    "fields": {
      "gameinfo": 190,
      "team": 14,
      "fh": null,
      "sh": null,
      "pa": null,
      "isHome": false
    }
  },
  {
    "model": "gamedays.gameresult",
    "pk": 342,
    "fields": {
      "gameinfo": 191,
      "team": 16,
      "fh": null,
      "sh": null,
      "pa": null,
      "isHome": true
    }
  },
  {
    "model": "gamedays.gameresult",
    "pk": 343,
    "fields": {
      "gameinfo": 191,
      "team": 17,
      "fh": null,
      "sh": null,
      "pa": null,
      "isHome": false
    }
  },
  {
    "model": "gamedays.gameresult",
    "pk": 344,
    "fields": {
      "gameinfo": 192,
      "team": 15,
      "fh": null,
      "sh": null,
      "pa": null,
      "isHome": true
    }
  },
  {
    "model": "gamedays.gameresult",
    "pk": 345,
    "fields": {
      "gameinfo": 192,
      "team": 16,
      "fh": null,
      "sh": null,
      "pa": null,
      "isHome": false
    }
  },
  {
    "model": "gamedays.gameresult",
    "pk": 346,
    "fields": {
      "gameinfo": 193,
      "team": 14,
      "fh": null,
      "sh": null,
      "pa": null,
      "isHome": true
    }
  },
  {
    "model": "gamedays.gameresult",
    "pk": 347,
    "fields": {
      "gameinfo": 193,
      "team": 17,
      "fh": null,
      "sh": null,
      "pa": null,
      "isHome": false
    }
  },
  {
    "model": "gamedays.gameresult",
    "pk": 348,
    "fields": {
      "gameinfo": 194,
      "team": 13,
      "fh": null,
      "sh": null,
      "pa": null,
      "isHome": true
    }
  },
  {
    "model": "gamedays.gameresult",
    "pk": 349,
    "fields": {
      "gameinfo": 194,
      "team": 16,
      "fh": null,
      "sh": null,
      "pa": null,
      "isHome": false
    }
  },
  {
    "model": "gamedays.gameresult",
    "pk": 350,
    "fields": {
      "gameinfo": 195,
      "team": 17,
      "fh": null,
      "sh": null,
      "pa": null,
      "isHome": true
    }
  },
  {
    "model": "gamedays.gameresult",
    "pk": 351,
    "fields": {
      "gameinfo": 195,
      "team": 13,
      "fh": null,
      "sh": null,
      "pa": null,
      "isHome": false
    }
  },
  {
    "model": "gamedays.gameresult",
    "pk": 352,
    "fields": {
      "gameinfo": 196,
      "team": 14,
      "fh": null,
      "sh": null,
      "pa": null,
      "isHome": true
    }
  },
  {
    "model": "gamedays.gameresult",
    "pk": 353,
    "fields": {
      "gameinfo": 196,
      "team": 15,
      "fh": null,
      "sh": null,
      "pa": null,
      "isHome": false
    }
  },
  {
    "model": "gamedays.gameresult",
    "pk": 374,
    "fields": {
      "gameinfo": 207,
      "team": 2,
      "fh": null,
      "sh": null,
      "pa": null,
      "isHome": true
    }
  },
  {
    "model": "gamedays.gameresult",
    "pk": 375,
    "fields": {
      "gameinfo": 207,
      "team": 3,
      "fh": null,
      "sh": null,
      "pa": null,
      "isHome": false
    }
  },
  {
    "model": "gamedays.gameresult",
    "pk": 376,
    "fields": {
      "gameinfo": 208,
      "team": 4,
      "fh": null,
      "sh": null,
      "pa": null,
      "isHome": true
    }
  },
  {
    "model": "gamedays.gameresult",
    "pk": 377,
    "fields": {
      "gameinfo": 208,
      "team": 2,
      "fh": null,
      "sh": null,
      "pa": null,
      "isHome": false
    }
  },
  {
    "model": "gamedays.gameresult",
    "pk": 378,
    "fields": {
      "gameinfo": 209,
      "team": 5,
      "fh": null,
      "sh": null,
      "pa": null,
      "isHome": true
    }
  },
  {
    "model": "gamedays.gameresult",
    "pk": 379,
    "fields": {
      "gameinfo": 209,
      "team": 4,
      "fh": null,
      "sh": null,
      "pa": null,
      "isHome": false
    }
  },
  {
    "model": "gamedays.gameresult",
    "pk": 380,
    "fields": {
      "gameinfo": 210,
      "team": 1,
      "fh": null,
      "sh": null,
      "pa": null,
      "isHome": true
    }
  },
  {
    "model": "gamedays.gameresult",
    "pk": 381,
    "fields": {
      "gameinfo": 210,
      "team": 3,
      "fh": null,
      "sh": null,
      "pa": null,
      "isHome": false
    }
  },
  {
    "model": "gamedays.gameresult",
    "pk": 382,
    "fields": {
      "gameinfo": 211,
      "team": 1,
      "fh": null,
      "sh": null,
      "pa": null,
      "isHome": true
    }
  },
  {
    "model": "gamedays.gameresult",
    "pk": 383,
    "fields": {
      "gameinfo": 211,
      "team": 5,
      "fh": null,
      "sh": null,
      "pa": null,
      "isHome": false
    }
  },
  {
    "model": "gamedays.gameresult",
    "pk": 384,
    "fields": {
      "gameinfo": 212,
      "team": 4,
      "fh": null,
      "sh": null,
      "pa": null,
      "isHome": true
    }
  },
  {
    "model": "gamedays.gameresult",
    "pk": 385,
    "fields": {
      "gameinfo": 212,
      "team": 1,
      "fh": null,
      "sh": null,
      "pa": null,
      "isHome": false
    }
  },
  {
    "model": "gamedays.gameresult",
    "pk": 386,
    "fields": {
      "gameinfo": 213,
      "team": 3,
      "fh": null,
      "sh": null,
      "pa": null,
      "isHome": true
    }
  },
  {
    "model": "gamedays.gameresult",
    "pk": 387,
    "fields": {
      "gameinfo": 213,
      "team": 5,
      "fh": null,
      "sh": null,
      "pa": null,
      "isHome": false
    }
  },
  {
    "model": "gamedays.gameresult",
    "pk": 388,
    "fields": {
      "gameinfo": 214,
      "team": 2,
      "fh": null,
      "sh": null,
      "pa": null,
      "isHome": true
    }
  },
  {
    "model": "gamedays.gameresult",
    "pk": 389,
    "fields": {
      "gameinfo": 214,
      "team": 1,
      "fh": null,
      "sh": null,
      "pa": null,
      "isHome": false
    }
  },
  {
    "model": "gamedays.gameresult",
    "pk": 390,
    "fields": {
      "gameinfo": 215,
      "team": 5,
      "fh": null,
      "sh": null,
      "pa": null,
      "isHome": true
    }
  },
  {
    "model": "gamedays.gameresult",
    "pk": 391,
    "fields": {
      "gameinfo": 215,
      "team": 2,
      "fh": null,
      "sh": null,
      "pa": null,
      "isHome": false
    }
  },
  {
    "model": "gamedays.gameresult",
    "pk": 392,
    "fields": {
      "gameinfo": 216,
      "team": 3,
      "fh": null,
      "sh": null,
      "pa": null,
      "isHome": true
    }
  },
  {
    "model": "gamedays.gameresult",
    "pk": 393,
    "fields": {
      "gameinfo": 216,
      "team": 4,
      "fh": null,
      "sh": null,
      "pa": null,
      "isHome": false
    }
  },
  {
    "model": "admin.logentry",
    "pk": 1,
    "fields": {
      "action_time": "2023-10-31T20:16:15.975",
      "user": 1,
      "content_type": 13,
      "object_id": "1",
      "object_repr": "Standard",
      "action_flag": 1,
      "change_message": "[{\"added\": {}}]"
    }
  },
  {
    "model": "admin.logentry",
    "pk": 2,
    "fields": {
      "action_time": "2023-10-31T20:16:22.440",
      "user": 1,
      "content_type": 14,
      "object_id": "1",
      "object_repr": "Jederzeit",
      "action_flag": 1,
      "change_message": "[{\"added\": {}}]"
    }
  },
  {
    "model": "admin.logentry",
    "pk": 3,
    "fields": {
      "action_time": "2023-10-31T20:24:09.516",
      "user": 1,
      "content_type": 5,
      "object_id": "1",
      "object_repr": "Team A",
      "action_flag": 1,
      "change_message": "[{\"added\": {}}]"
    }
  },
  {
    "model": "admin.logentry",
    "pk": 4,
    "fields": {
      "action_time": "2023-10-31T20:24:18.036",
      "user": 1,
      "content_type": 5,
      "object_id": "2",
      "object_repr": "Team B",
      "action_flag": 1,
      "change_message": "[{\"added\": {}}]"
    }
  },
  {
    "model": "admin.logentry",
    "pk": 5,
    "fields": {
      "action_time": "2023-10-31T20:24:28.210",
      "user": 1,
      "content_type": 5,
      "object_id": "3",
      "object_repr": "Team C",
      "action_flag": 1,
      "change_message": "[{\"added\": {}}]"
    }
  },
  {
    "model": "admin.logentry",
    "pk": 6,
    "fields": {
      "action_time": "2023-10-31T20:25:11.549",
      "user": 1,
      "content_type": 5,
      "object_id": "4",
      "object_repr": "Team D",
      "action_flag": 1,
      "change_message": "[{\"added\": {}}]"
    }
  },
  {
    "model": "admin.logentry",
    "pk": 7,
    "fields": {
      "action_time": "2023-10-31T20:25:20.998",
      "user": 1,
      "content_type": 5,
      "object_id": "5",
      "object_repr": "Team E",
      "action_flag": 1,
      "change_message": "[{\"added\": {}}]"
    }
  },
  {
    "model": "admin.logentry",
    "pk": 8,
    "fields": {
      "action_time": "2023-10-31T20:25:56.724",
      "user": 1,
      "content_type": 5,
      "object_id": "6",
      "object_repr": "officials",
      "action_flag": 1,
      "change_message": "[{\"added\": {}}]"
    }
  },
  {
    "model": "admin.logentry",
    "pk": 9,
    "fields": {
      "action_time": "2023-10-31T20:26:59.863",
      "user": 1,
      "content_type": 20,
      "object_id": "2",
      "object_repr": "officials",
      "action_flag": 1,
      "change_message": "[{\"added\": {}}]"
    }
  },
  {
    "model": "admin.logentry",
    "pk": 10,
    "fields": {
      "action_time": "2023-10-31T20:30:15.653",
      "user": 1,
      "content_type": 20,
      "object_id": "3",
      "object_repr": "TeamA",
      "action_flag": 1,
      "change_message": "[{\"added\": {}}]"
    }
  },
  {
    "model": "admin.logentry",
    "pk": 11,
    "fields": {
      "action_time": "2023-11-09T10:15:39.976",
      "user": 1,
      "content_type": 8,
      "object_id": "3",
      "object_repr": "1__TeamB#0 First Down Player: None Value: 0 - Half: 2",
      "action_flag": 3,
      "change_message": ""
    }
  },
  {
    "model": "admin.logentry",
    "pk": 12,
    "fields": {
      "action_time": "2023-11-09T10:15:39.993",
      "user": 1,
      "content_type": 8,
      "object_id": "2",
      "object_repr": "1__None#0 2. Halbzeit gestartet Player: None Value: 0 - Half: 0",
      "action_flag": 3,
      "change_message": ""
    }
  },
  {
    "model": "admin.logentry",
    "pk": 13,
    "fields": {
      "action_time": "2023-11-09T10:15:40.001",
      "user": 1,
      "content_type": 8,
      "object_id": "1",
      "object_repr": "1__None#0 Spiel gestartet Player: None Value: 0 - Half: 0",
      "action_flag": 3,
      "change_message": ""
    }
  },
  {
    "model": "admin.logentry",
    "pk": 14,
    "fields": {
      "action_time": "2023-11-10T06:55:37.818",
      "user": 1,
      "content_type": 3,
      "object_id": "32",
      "object_repr": "2__32__2 - 16:40:00: Hauptrunde / Gruppe 1 - TeamA [Geplant]",
      "action_flag": 3,
      "change_message": ""
    }
  },
  {
    "model": "admin.logentry",
    "pk": 15,
    "fields": {
      "action_time": "2023-11-10T06:55:37.827",
      "user": 1,
      "content_type": 3,
      "object_id": "31",
      "object_repr": "2__31__2 - 15:00:00: Hauptrunde / Gruppe 1 - officials [Geplant]",
      "action_flag": 3,
      "change_message": ""
    }
  },
  {
    "model": "admin.logentry",
    "pk": 16,
    "fields": {
      "action_time": "2023-11-10T06:55:37.832",
      "user": 1,
      "content_type": 3,
      "object_id": "30",
      "object_repr": "2__30__2 - 13:20:00: Hauptrunde / Gruppe 1 - officials [Geplant]",
      "action_flag": 3,
      "change_message": ""
    }
  },
  {
    "model": "admin.logentry",
    "pk": 17,
    "fields": {
      "action_time": "2023-11-10T06:55:37.837",
      "user": 1,
      "content_type": 3,
      "object_id": "29",
      "object_repr": "2__29__2 - 11:40:00: Hauptrunde / Gruppe 1 - officials [Geplant]",
      "action_flag": 3,
      "change_message": ""
    }
  },
  {
    "model": "admin.logentry",
    "pk": 18,
    "fields": {
      "action_time": "2023-11-10T06:55:37.843",
      "user": 1,
      "content_type": 3,
      "object_id": "28",
      "object_repr": "2__28__2 - 10:00:00: Hauptrunde / Gruppe 1 - officials [Geplant]",
      "action_flag": 3,
      "change_message": ""
    }
  },
  {
    "model": "admin.logentry",
    "pk": 19,
    "fields": {
      "action_time": "2023-11-10T06:55:37.849",
      "user": 1,
      "content_type": 3,
      "object_id": "27",
      "object_repr": "2__27__1 - 16:40:00: Hauptrunde / Gruppe 1 - TeamA [Geplant]",
      "action_flag": 3,
      "change_message": ""
    }
  },
  {
    "model": "admin.logentry",
    "pk": 20,
    "fields": {
      "action_time": "2023-11-10T06:55:37.854",
      "user": 1,
      "content_type": 3,
      "object_id": "26",
      "object_repr": "2__26__1 - 15:00:00: Hauptrunde / Gruppe 1 - officials [Geplant]",
      "action_flag": 3,
      "change_message": ""
    }
  },
  {
    "model": "admin.logentry",
    "pk": 21,
    "fields": {
      "action_time": "2023-11-10T06:55:37.859",
      "user": 1,
      "content_type": 3,
      "object_id": "25",
      "object_repr": "2__25__1 - 13:20:00: Hauptrunde / Gruppe 1 - officials [Geplant]",
      "action_flag": 3,
      "change_message": ""
    }
  },
  {
    "model": "admin.logentry",
    "pk": 22,
    "fields": {
      "action_time": "2023-11-10T06:55:37.863",
      "user": 1,
      "content_type": 3,
      "object_id": "24",
      "object_repr": "2__24__1 - 11:40:00: Hauptrunde / Gruppe 1 - officials [Geplant]",
      "action_flag": 3,
      "change_message": ""
    }
  },
  {
    "model": "admin.logentry",
    "pk": 23,
    "fields": {
      "action_time": "2023-11-10T06:55:37.868",
      "user": 1,
      "content_type": 3,
      "object_id": "23",
      "object_repr": "2__23__1 - 10:00:00: Hauptrunde / Gruppe 1 - officials [Geplant]",
      "action_flag": 3,
      "change_message": ""
    }
  },
  {
    "model": "admin.logentry",
    "pk": 24,
    "fields": {
      "action_time": "2023-11-10T06:55:37.881",
      "user": 1,
      "content_type": 3,
      "object_id": "22",
      "object_repr": "1__22__1 - 15:50:00: Hauptrunde / Gruppe 1 - TeamA [Geplant]",
      "action_flag": 3,
      "change_message": ""
    }
  },
  {
    "model": "admin.logentry",
    "pk": 25,
    "fields": {
      "action_time": "2023-11-10T06:55:37.888",
      "user": 1,
      "content_type": 3,
      "object_id": "21",
      "object_repr": "1__21__1 - 14:40:00: Hauptrunde / Gruppe 1 - officials [Geplant]",
      "action_flag": 3,
      "change_message": ""
    }
  },
  {
    "model": "admin.logentry",
    "pk": 26,
    "fields": {
      "action_time": "2023-11-10T06:55:37.896",
      "user": 1,
      "content_type": 3,
      "object_id": "20",
      "object_repr": "1__20__1 - 13:30:00: Hauptrunde / Gruppe 1 - officials [Geplant]",
      "action_flag": 3,
      "change_message": ""
    }
  },
  {
    "model": "admin.logentry",
    "pk": 27,
    "fields": {
      "action_time": "2023-11-10T06:55:37.904",
      "user": 1,
      "content_type": 3,
      "object_id": "19",
      "object_repr": "1__19__1 - 12:20:00: Hauptrunde / Gruppe 1 - TeamA [Geplant]",
      "action_flag": 3,
      "change_message": ""
    }
  },
  {
    "model": "admin.logentry",
    "pk": 28,
    "fields": {
      "action_time": "2023-11-10T06:55:37.909",
      "user": 1,
      "content_type": 3,
      "object_id": "18",
      "object_repr": "1__18__1 - 11:10:00: Hauptrunde / Gruppe 1 - officials [Geplant]",
      "action_flag": 3,
      "change_message": ""
    }
  },
  {
    "model": "admin.logentry",
    "pk": 29,
    "fields": {
      "action_time": "2023-11-10T06:55:37.914",
      "user": 1,
      "content_type": 3,
      "object_id": "17",
      "object_repr": "1__17__1 - 10:00:00: Hauptrunde / Gruppe 1 - officials [Geplant]",
      "action_flag": 3,
      "change_message": ""
    }
  },
  {
    "model": "admin.logentry",
    "pk": 30,
    "fields": {
      "action_time": "2024-02-09T11:20:06.002",
      "user": 1,
      "content_type": 5,
      "object_id": "7",
      "object_repr": "Team1",
      "action_flag": 1,
      "change_message": "[{\"added\": {}}]"
    }
  },
  {
    "model": "admin.logentry",
    "pk": 31,
    "fields": {
      "action_time": "2024-02-09T11:20:16.007",
      "user": 1,
      "content_type": 5,
      "object_id": "8",
      "object_repr": "Team2",
      "action_flag": 1,
      "change_message": "[{\"added\": {}}]"
    }
  },
  {
    "model": "admin.logentry",
    "pk": 32,
    "fields": {
      "action_time": "2024-02-09T11:20:27.336",
      "user": 1,
      "content_type": 5,
      "object_id": "9",
      "object_repr": "Team3",
      "action_flag": 1,
      "change_message": "[{\"added\": {}}]"
    }
  },
  {
    "model": "admin.logentry",
    "pk": 33,
    "fields": {
      "action_time": "2024-02-09T11:20:40.355",
      "user": 1,
      "content_type": 5,
      "object_id": "10",
      "object_repr": "Team4",
      "action_flag": 1,
      "change_message": "[{\"added\": {}}]"
    }
  },
  {
    "model": "admin.logentry",
    "pk": 34,
    "fields": {
      "action_time": "2024-02-09T11:20:50.397",
      "user": 1,
      "content_type": 5,
      "object_id": "11",
      "object_repr": "Team5",
      "action_flag": 1,
      "change_message": "[{\"added\": {}}]"
    }
  },
  {
    "model": "admin.logentry",
    "pk": 35,
    "fields": {
      "action_time": "2024-02-09T11:21:09.566",
      "user": 1,
      "content_type": 5,
      "object_id": "12",
      "object_repr": "Team6",
      "action_flag": 1,
      "change_message": "[{\"added\": {}}]"
    }
  },
  {
    "model": "admin.logentry",
    "pk": 36,
    "fields": {
      "action_time": "2024-02-09T11:21:24.636",
      "user": 1,
      "content_type": 5,
      "object_id": "13",
      "object_repr": "TeamI",
      "action_flag": 1,
      "change_message": "[{\"added\": {}}]"
    }
  },
  {
    "model": "admin.logentry",
    "pk": 37,
    "fields": {
      "action_time": "2024-02-09T11:21:35.896",
      "user": 1,
      "content_type": 5,
      "object_id": "14",
      "object_repr": "TeamII",
      "action_flag": 1,
      "change_message": "[{\"added\": {}}]"
    }
  },
  {
    "model": "admin.logentry",
    "pk": 38,
    "fields": {
      "action_time": "2024-02-09T11:21:50.104",
      "user": 1,
      "content_type": 5,
      "object_id": "15",
      "object_repr": "TeamIII",
      "action_flag": 1,
      "change_message": "[{\"added\": {}}]"
    }
  },
  {
    "model": "admin.logentry",
    "pk": 39,
    "fields": {
      "action_time": "2024-02-09T11:22:09.163",
      "user": 1,
      "content_type": 5,
      "object_id": "16",
      "object_repr": "TeamIV",
      "action_flag": 1,
      "change_message": "[{\"added\": {}}]"
    }
  },
  {
    "model": "admin.logentry",
    "pk": 40,
    "fields": {
      "action_time": "2024-02-09T11:22:19.584",
      "user": 1,
      "content_type": 5,
      "object_id": "17",
      "object_repr": "TeamV",
      "action_flag": 1,
      "change_message": "[{\"added\": {}}]"
    }
  },
  {
    "model": "admin.logentry",
    "pk": 41,
    "fields": {
      "action_time": "2024-02-09T11:23:16.790",
      "user": 1,
      "content_type": 13,
      "object_id": "2",
      "object_repr": "1. Liga",
      "action_flag": 1,
      "change_message": "[{\"added\": {}}]"
    }
  },
  {
    "model": "admin.logentry",
    "pk": 42,
    "fields": {
      "action_time": "2024-02-09T11:23:24.678",
      "user": 1,
      "content_type": 13,
      "object_id": "3",
      "object_repr": "2. Liga",
      "action_flag": 1,
      "change_message": "[{\"added\": {}}]"
    }
  },
  {
    "model": "admin.logentry",
    "pk": 43,
    "fields": {
      "action_time": "2024-02-09T11:25:00.809",
      "user": 1,
      "content_type": 13,
      "object_id": "4",
      "object_repr": "Regio A",
      "action_flag": 1,
      "change_message": "[{\"added\": {}}]"
    }
  },
  {
    "model": "admin.logentry",
    "pk": 44,
    "fields": {
      "action_time": "2024-02-09T11:25:05.641",
      "user": 1,
      "content_type": 13,
      "object_id": "5",
      "object_repr": "Regio B",
      "action_flag": 1,
      "change_message": "[{\"added\": {}}]"
    }
  },
  {
    "model": "admin.logentry",
    "pk": 45,
    "fields": {
      "action_time": "2024-02-09T11:25:27.854",
      "user": 1,
      "content_type": 13,
      "object_id": "3",
      "object_repr": "2. Liga",
      "action_flag": 3,
      "change_message": ""
    }
  },
  {
    "model": "admin.logentry",
    "pk": 46,
    "fields": {
      "action_time": "2024-02-09T11:25:34.766",
      "user": 1,
      "content_type": 13,
      "object_id": "1",
      "object_repr": "2. Liga",
      "action_flag": 2,
      "change_message": "[{\"changed\": {\"fields\": [\"Name\"]}}]"
    }
  },
  {
    "model": "admin.logentry",
    "pk": 47,
    "fields": {
      "action_time": "2024-02-09T11:29:09.806",
      "user": 1,
      "content_type": 32,
      "object_id": "1",
      "object_repr": "1. Liga -> ['1. Liga'] ⬆️",
      "action_flag": 1,
      "change_message": "[{\"added\": {}}]"
    }
  },
  {
    "model": "admin.logentry",
    "pk": 48,
    "fields": {
      "action_time": "2024-02-09T11:29:35.596",
      "user": 1,
      "content_type": 32,
      "object_id": "2",
      "object_repr": "2. Liga -> ['2. Liga'] ⬆️",
      "action_flag": 1,
      "change_message": "[{\"added\": {}}]"
    }
  },
  {
    "model": "admin.logentry",
    "pk": 49,
    "fields": {
      "action_time": "2024-02-09T11:29:53.370",
      "user": 1,
      "content_type": 32,
      "object_id": "3",
      "object_repr": "Regio A -> ['Regio A'] ⬆️",
      "action_flag": 1,
      "change_message": "[{\"added\": {}}]"
    }
  },
  {
    "model": "admin.logentry",
    "pk": 50,
    "fields": {
      "action_time": "2024-02-09T11:30:12.400",
      "user": 1,
      "content_type": 32,
      "object_id": "4",
      "object_repr": "Regio B -> ['Regio B'] ⬆️",
      "action_flag": 1,
      "change_message": "[{\"added\": {}}]"
    }
  },
  {
    "model": "admin.logentry",
    "pk": 51,
    "fields": {
      "action_time": "2024-02-09T11:32:03.282",
      "user": 1,
      "content_type": 32,
      "object_id": "5",
      "object_repr": "1. Liga -> ['2. Liga', 'Regio A', 'Regio B'] ⛔",
      "action_flag": 1,
      "change_message": "[{\"added\": {}}]"
    }
  },
  {
    "model": "admin.logentry",
    "pk": 52,
    "fields": {
      "action_time": "2024-02-09T11:32:51.639",
      "user": 1,
      "content_type": 32,
      "object_id": "6",
      "object_repr": "2. Liga -> ['1. Liga'] ⛔",
      "action_flag": 1,
      "change_message": "[{\"added\": {}}]"
    }
  },
  {
    "model": "admin.logentry",
    "pk": 53,
    "fields": {
      "action_time": "2024-02-09T11:33:56.590",
      "user": 1,
      "content_type": 32,
      "object_id": "7",
      "object_repr": "2. Liga -> ['Regio A', 'Regio B'] ⛔",
      "action_flag": 1,
      "change_message": "[{\"added\": {}}]"
    }
  },
  {
    "model": "admin.logentry",
    "pk": 54,
    "fields": {
      "action_time": "2024-02-09T11:34:26.793",
      "user": 1,
      "content_type": 32,
      "object_id": "8",
      "object_repr": "Regio A -> ['2. Liga', '1. Liga'] ⬆️",
      "action_flag": 1,
      "change_message": "[{\"added\": {}}]"
    }
  },
  {
    "model": "admin.logentry",
    "pk": 55,
    "fields": {
      "action_time": "2024-02-09T11:34:42.176",
      "user": 1,
      "content_type": 32,
      "object_id": "9",
      "object_repr": "Regio B -> ['2. Liga', '1. Liga'] ⬆️",
      "action_flag": 1,
      "change_message": "[{\"added\": {}}]"
    }
  },
  {
    "model": "admin.logentry",
    "pk": 56,
    "fields": {
      "action_time": "2024-02-09T11:34:59.364",
      "user": 1,
      "content_type": 32,
      "object_id": "6",
      "object_repr": "2. Liga -> ['1. Liga'] ⬆️",
      "action_flag": 2,
      "change_message": "[{\"changed\": {\"fields\": [\"Is relegation allowed\"]}}]"
    }
  },
  {
    "model": "admin.logentry",
    "pk": 57,
    "fields": {
      "action_time": "2024-02-09T11:35:24.590",
      "user": 1,
      "content_type": 32,
      "object_id": "5",
      "object_repr": "1. Liga -> ['2. Liga', 'Regio A'] ⛔",
      "action_flag": 2,
      "change_message": "[{\"changed\": {\"fields\": [\"Eligible in\"]}}]"
    }
  },
  {
    "model": "admin.logentry",
    "pk": 58,
    "fields": {
      "action_time": "2024-02-09T11:35:59.020",
      "user": 1,
      "content_type": 32,
      "object_id": "10",
      "object_repr": "1. Liga -> ['Regio B'] ⛔",
      "action_flag": 1,
      "change_message": "[{\"added\": {}}]"
    }
  },
  {
    "model": "admin.logentry",
    "pk": 59,
    "fields": {
      "action_time": "2024-02-09T13:16:38.377",
      "user": 1,
      "content_type": 5,
      "object_id": "18",
      "object_repr": "P3 Gruppe 2",
      "action_flag": 1,
      "change_message": "[{\"added\": {}}]"
    }
  },
  {
    "model": "admin.logentry",
    "pk": 60,
    "fields": {
      "action_time": "2024-02-09T13:16:59.076",
      "user": 1,
      "content_type": 5,
      "object_id": "19",
      "object_repr": "P2 Gruppe 2",
      "action_flag": 1,
      "change_message": "[{\"added\": {}}]"
    }
  },
  {
    "model": "admin.logentry",
    "pk": 61,
    "fields": {
      "action_time": "2024-02-09T13:17:15.769",
      "user": 1,
      "content_type": 5,
      "object_id": "20",
      "object_repr": "P1 Gruppe 1",
      "action_flag": 1,
      "change_message": "[{\"added\": {}}]"
    }
  },
  {
    "model": "admin.logentry",
    "pk": 62,
    "fields": {
      "action_time": "2024-02-09T13:17:25.695",
      "user": 1,
      "content_type": 5,
      "object_id": "21",
      "object_repr": "P1 Gruppe 2",
      "action_flag": 1,
      "change_message": "[{\"added\": {}}]"
    }
  },
  {
    "model": "admin.logentry",
    "pk": 63,
    "fields": {
      "action_time": "2024-02-09T13:17:37.877",
      "user": 1,
      "content_type": 5,
      "object_id": "22",
      "object_repr": "Gewinner HF2",
      "action_flag": 1,
      "change_message": "[{\"added\": {}}]"
    }
  },
  {
    "model": "admin.logentry",
    "pk": 64,
    "fields": {
      "action_time": "2024-02-09T13:17:46.678",
      "user": 1,
      "content_type": 5,
      "object_id": "23",
      "object_repr": "Gewinner HF1",
      "action_flag": 1,
      "change_message": "[{\"added\": {}}]"
    }
  },
  {
    "model": "admin.logentry",
    "pk": 65,
    "fields": {
      "action_time": "2024-02-09T13:18:00.901",
      "user": 1,
      "content_type": 5,
      "object_id": "24",
      "object_repr": "Verlierer HF1",
      "action_flag": 1,
      "change_message": "[{\"added\": {}}]"
    }
  },
  {
    "model": "admin.logentry",
    "pk": 66,
    "fields": {
      "action_time": "2024-02-09T13:18:09.387",
      "user": 1,
      "content_type": 5,
      "object_id": "25",
      "object_repr": "Verlierer HF2",
      "action_flag": 1,
      "change_message": "[{\"added\": {}}]"
    }
  },
  {
    "model": "admin.logentry",
    "pk": 67,
    "fields": {
      "action_time": "2024-02-09T13:18:24.443",
      "user": 1,
      "content_type": 5,
      "object_id": "26",
      "object_repr": "Gewinner P3",
      "action_flag": 1,
      "change_message": "[{\"added\": {}}]"
    }
  },
  {
    "model": "admin.logentry",
    "pk": 68,
    "fields": {
      "action_time": "2024-02-09T13:18:37.418",
      "user": 1,
      "content_type": 5,
      "object_id": "27",
      "object_repr": "P3 Gruppe 1",
      "action_flag": 1,
      "change_message": "[{\"added\": {}}]"
    }
  },
  {
    "model": "admin.logentry",
    "pk": 69,
    "fields": {
      "action_time": "2024-02-09T13:18:59.926",
      "user": 1,
      "content_type": 5,
      "object_id": "28",
      "object_repr": "P2 Gruppe 1",
      "action_flag": 1,
      "change_message": "[{\"added\": {}}]"
    }
  },
  {
    "model": "admin.logentry",
    "pk": 70,
    "fields": {
      "action_time": "2024-02-09T13:24:18.234",
      "user": 1,
      "content_type": 29,
      "object_id": "1",
      "object_repr": "TeamA # 2. Liga - ['Team1', 'TeamI']",
      "action_flag": 1,
      "change_message": "[{\"added\": {}}]"
    }
  },
  {
    "model": "admin.logentry",
    "pk": 71,
    "fields": {
      "action_time": "2024-02-09T13:24:30.185",
      "user": 1,
      "content_type": 29,
      "object_id": "2",
      "object_repr": "Team1 # 1. Liga - ['TeamA', 'TeamI']",
      "action_flag": 1,
      "change_message": "[{\"added\": {}}]"
    }
  },
  {
    "model": "admin.logentry",
    "pk": 72,
    "fields": {
      "action_time": "2024-02-09T13:24:43.323",
      "user": 1,
      "content_type": 29,
      "object_id": "3",
      "object_repr": "TeamI # Regio A - ['TeamA', 'Team1']",
      "action_flag": 1,
      "change_message": "[{\"added\": {}}]"
    }
  },
  {
    "model": "admin.logentry",
    "pk": 73,
    "fields": {
      "action_time": "2024-02-09T13:25:04.336",
      "user": 1,
      "content_type": 29,
      "object_id": "4",
      "object_repr": "TeamB # 2. Liga - ['Team2']",
      "action_flag": 1,
      "change_message": "[{\"added\": {}}]"
    }
  },
  {
    "model": "admin.logentry",
    "pk": 74,
    "fields": {
      "action_time": "2024-02-09T13:25:15.238",
      "user": 1,
      "content_type": 29,
      "object_id": "5",
      "object_repr": "Team2 # 1. Liga - ['TeamB']",
      "action_flag": 1,
      "change_message": "[{\"added\": {}}]"
    }
  },
  {
    "model": "admin.logentry",
    "pk": 75,
    "fields": {
      "action_time": "2024-02-09T13:25:54.177",
      "user": 1,
      "content_type": 29,
      "object_id": "6",
      "object_repr": "TeamIII # Regio B - ['TeamC', 'Team3']",
      "action_flag": 1,
      "change_message": "[{\"added\": {}}]"
    }
  },
  {
    "model": "admin.logentry",
    "pk": 76,
    "fields": {
      "action_time": "2024-02-09T14:29:26.544",
      "user": 1,
      "content_type": 29,
      "object_id": "6",
      "object_repr": "TeamIII # Regio A - ['TeamC', 'Team3']",
      "action_flag": 2,
      "change_message": "[{\"changed\": {\"fields\": [\"League\"]}}]"
    }
  },
  {
    "model": "admin.logentry",
    "pk": 77,
    "fields": {
      "action_time": "2024-02-09T14:38:54.834",
      "user": 1,
      "content_type": 2,
      "object_id": "12",
      "object_repr": "12__2024-02-24 Regio A - Spieltag 2",
      "action_flag": 2,
      "change_message": "[{\"changed\": {\"fields\": [\"League\"]}}]"
    }
  },
  {
    "model": "admin.logentry",
    "pk": 78,
    "fields": {
      "action_time": "2024-02-09T14:38:58.904",
      "user": 1,
      "content_type": 2,
      "object_id": "13",
      "object_repr": "13__2024-02-25 Regio A - Spieltag 3",
      "action_flag": 2,
      "change_message": "[{\"changed\": {\"fields\": [\"League\"]}}]"
    }
  },
  {
    "model": "auth.permission",
    "pk": 1,
    "fields": {
      "name": "Can add achievement",
      "content_type": 1,
      "codename": "add_achievement"
    }
  },
  {
    "model": "auth.permission",
    "pk": 2,
    "fields": {
      "name": "Can change achievement",
      "content_type": 1,
      "codename": "change_achievement"
    }
  },
  {
    "model": "auth.permission",
    "pk": 3,
    "fields": {
      "name": "Can delete achievement",
      "content_type": 1,
      "codename": "delete_achievement"
    }
  },
  {
    "model": "auth.permission",
    "pk": 4,
    "fields": {
      "name": "Can view achievement",
      "content_type": 1,
      "codename": "view_achievement"
    }
  },
  {
    "model": "auth.permission",
    "pk": 5,
    "fields": {
      "name": "Can add gameday",
      "content_type": 2,
      "codename": "add_gameday"
    }
  },
  {
    "model": "auth.permission",
    "pk": 6,
    "fields": {
      "name": "Can change gameday",
      "content_type": 2,
      "codename": "change_gameday"
    }
  },
  {
    "model": "auth.permission",
    "pk": 7,
    "fields": {
      "name": "Can delete gameday",
      "content_type": 2,
      "codename": "delete_gameday"
    }
  },
  {
    "model": "auth.permission",
    "pk": 8,
    "fields": {
      "name": "Can view gameday",
      "content_type": 2,
      "codename": "view_gameday"
    }
  },
  {
    "model": "auth.permission",
    "pk": 9,
    "fields": {
      "name": "Can add gameinfo",
      "content_type": 3,
      "codename": "add_gameinfo"
    }
  },
  {
    "model": "auth.permission",
    "pk": 10,
    "fields": {
      "name": "Can change gameinfo",
      "content_type": 3,
      "codename": "change_gameinfo"
    }
  },
  {
    "model": "auth.permission",
    "pk": 11,
    "fields": {
      "name": "Can delete gameinfo",
      "content_type": 3,
      "codename": "delete_gameinfo"
    }
  },
  {
    "model": "auth.permission",
    "pk": 12,
    "fields": {
      "name": "Can view gameinfo",
      "content_type": 3,
      "codename": "view_gameinfo"
    }
  },
  {
    "model": "auth.permission",
    "pk": 13,
    "fields": {
      "name": "Can add permissions",
      "content_type": 4,
      "codename": "add_permissions"
    }
  },
  {
    "model": "auth.permission",
    "pk": 14,
    "fields": {
      "name": "Can change permissions",
      "content_type": 4,
      "codename": "change_permissions"
    }
  },
  {
    "model": "auth.permission",
    "pk": 15,
    "fields": {
      "name": "Can delete permissions",
      "content_type": 4,
      "codename": "delete_permissions"
    }
  },
  {
    "model": "auth.permission",
    "pk": 16,
    "fields": {
      "name": "Can view permissions",
      "content_type": 4,
      "codename": "view_permissions"
    }
  },
  {
    "model": "auth.permission",
    "pk": 17,
    "fields": {
      "name": "Can add team",
      "content_type": 5,
      "codename": "add_team"
    }
  },
  {
    "model": "auth.permission",
    "pk": 18,
    "fields": {
      "name": "Can change team",
      "content_type": 5,
      "codename": "change_team"
    }
  },
  {
    "model": "auth.permission",
    "pk": 19,
    "fields": {
      "name": "Can delete team",
      "content_type": 5,
      "codename": "delete_team"
    }
  },
  {
    "model": "auth.permission",
    "pk": 20,
    "fields": {
      "name": "Can view team",
      "content_type": 5,
      "codename": "view_team"
    }
  },
  {
    "model": "auth.permission",
    "pk": 21,
    "fields": {
      "name": "Can add user profile",
      "content_type": 6,
      "codename": "add_userprofile"
    }
  },
  {
    "model": "auth.permission",
    "pk": 22,
    "fields": {
      "name": "Can change user profile",
      "content_type": 6,
      "codename": "change_userprofile"
    }
  },
  {
    "model": "auth.permission",
    "pk": 23,
    "fields": {
      "name": "Can delete user profile",
      "content_type": 6,
      "codename": "delete_userprofile"
    }
  },
  {
    "model": "auth.permission",
    "pk": 24,
    "fields": {
      "name": "Can view user profile",
      "content_type": 6,
      "codename": "view_userprofile"
    }
  },
  {
    "model": "auth.permission",
    "pk": 25,
    "fields": {
      "name": "Can add user permissions",
      "content_type": 7,
      "codename": "add_userpermissions"
    }
  },
  {
    "model": "auth.permission",
    "pk": 26,
    "fields": {
      "name": "Can change user permissions",
      "content_type": 7,
      "codename": "change_userpermissions"
    }
  },
  {
    "model": "auth.permission",
    "pk": 27,
    "fields": {
      "name": "Can delete user permissions",
      "content_type": 7,
      "codename": "delete_userpermissions"
    }
  },
  {
    "model": "auth.permission",
    "pk": 28,
    "fields": {
      "name": "Can view user permissions",
      "content_type": 7,
      "codename": "view_userpermissions"
    }
  },
  {
    "model": "auth.permission",
    "pk": 29,
    "fields": {
      "name": "Can add team log",
      "content_type": 8,
      "codename": "add_teamlog"
    }
  },
  {
    "model": "auth.permission",
    "pk": 30,
    "fields": {
      "name": "Can change team log",
      "content_type": 8,
      "codename": "change_teamlog"
    }
  },
  {
    "model": "auth.permission",
    "pk": 31,
    "fields": {
      "name": "Can delete team log",
      "content_type": 8,
      "codename": "delete_teamlog"
    }
  },
  {
    "model": "auth.permission",
    "pk": 32,
    "fields": {
      "name": "Can view team log",
      "content_type": 8,
      "codename": "view_teamlog"
    }
  },
  {
    "model": "auth.permission",
    "pk": 33,
    "fields": {
      "name": "Can add player achievement",
      "content_type": 9,
      "codename": "add_playerachievement"
    }
  },
  {
    "model": "auth.permission",
    "pk": 34,
    "fields": {
      "name": "Can change player achievement",
      "content_type": 9,
      "codename": "change_playerachievement"
    }
  },
  {
    "model": "auth.permission",
    "pk": 35,
    "fields": {
      "name": "Can delete player achievement",
      "content_type": 9,
      "codename": "delete_playerachievement"
    }
  },
  {
    "model": "auth.permission",
    "pk": 36,
    "fields": {
      "name": "Can view player achievement",
      "content_type": 9,
      "codename": "view_playerachievement"
    }
  },
  {
    "model": "auth.permission",
    "pk": 37,
    "fields": {
      "name": "Can add game setup",
      "content_type": 10,
      "codename": "add_gamesetup"
    }
  },
  {
    "model": "auth.permission",
    "pk": 38,
    "fields": {
      "name": "Can change game setup",
      "content_type": 10,
      "codename": "change_gamesetup"
    }
  },
  {
    "model": "auth.permission",
    "pk": 39,
    "fields": {
      "name": "Can delete game setup",
      "content_type": 10,
      "codename": "delete_gamesetup"
    }
  },
  {
    "model": "auth.permission",
    "pk": 40,
    "fields": {
      "name": "Can view game setup",
      "content_type": 10,
      "codename": "view_gamesetup"
    }
  },
  {
    "model": "auth.permission",
    "pk": 41,
    "fields": {
      "name": "Can add gameresult",
      "content_type": 11,
      "codename": "add_gameresult"
    }
  },
  {
    "model": "auth.permission",
    "pk": 42,
    "fields": {
      "name": "Can change gameresult",
      "content_type": 11,
      "codename": "change_gameresult"
    }
  },
  {
    "model": "auth.permission",
    "pk": 43,
    "fields": {
      "name": "Can delete gameresult",
      "content_type": 11,
      "codename": "delete_gameresult"
    }
  },
  {
    "model": "auth.permission",
    "pk": 44,
    "fields": {
      "name": "Can view gameresult",
      "content_type": 11,
      "codename": "view_gameresult"
    }
  },
  {
    "model": "auth.permission",
    "pk": 45,
    "fields": {
      "name": "Can add game official",
      "content_type": 12,
      "codename": "add_gameofficial"
    }
  },
  {
    "model": "auth.permission",
    "pk": 46,
    "fields": {
      "name": "Can change game official",
      "content_type": 12,
      "codename": "change_gameofficial"
    }
  },
  {
    "model": "auth.permission",
    "pk": 47,
    "fields": {
      "name": "Can delete game official",
      "content_type": 12,
      "codename": "delete_gameofficial"
    }
  },
  {
    "model": "auth.permission",
    "pk": 48,
    "fields": {
      "name": "Can view game official",
      "content_type": 12,
      "codename": "view_gameofficial"
    }
  },
  {
    "model": "auth.permission",
    "pk": 49,
    "fields": {
      "name": "Can add league",
      "content_type": 13,
      "codename": "add_league"
    }
  },
  {
    "model": "auth.permission",
    "pk": 50,
    "fields": {
      "name": "Can change league",
      "content_type": 13,
      "codename": "change_league"
    }
  },
  {
    "model": "auth.permission",
    "pk": 51,
    "fields": {
      "name": "Can delete league",
      "content_type": 13,
      "codename": "delete_league"
    }
  },
  {
    "model": "auth.permission",
    "pk": 52,
    "fields": {
      "name": "Can view league",
      "content_type": 13,
      "codename": "view_league"
    }
  },
  {
    "model": "auth.permission",
    "pk": 53,
    "fields": {
      "name": "Can add season",
      "content_type": 14,
      "codename": "add_season"
    }
  },
  {
    "model": "auth.permission",
    "pk": 54,
    "fields": {
      "name": "Can change season",
      "content_type": 14,
      "codename": "change_season"
    }
  },
  {
    "model": "auth.permission",
    "pk": 55,
    "fields": {
      "name": "Can delete season",
      "content_type": 14,
      "codename": "delete_season"
    }
  },
  {
    "model": "auth.permission",
    "pk": 56,
    "fields": {
      "name": "Can view season",
      "content_type": 14,
      "codename": "view_season"
    }
  },
  {
    "model": "auth.permission",
    "pk": 57,
    "fields": {
      "name": "Can add season league team",
      "content_type": 15,
      "codename": "add_seasonleagueteam"
    }
  },
  {
    "model": "auth.permission",
    "pk": 58,
    "fields": {
      "name": "Can change season league team",
      "content_type": 15,
      "codename": "change_seasonleagueteam"
    }
  },
  {
    "model": "auth.permission",
    "pk": 59,
    "fields": {
      "name": "Can delete season league team",
      "content_type": 15,
      "codename": "delete_seasonleagueteam"
    }
  },
  {
    "model": "auth.permission",
    "pk": 60,
    "fields": {
      "name": "Can view season league team",
      "content_type": 15,
      "codename": "view_seasonleagueteam"
    }
  },
  {
    "model": "auth.permission",
    "pk": 61,
    "fields": {
      "name": "Can add association",
      "content_type": 16,
      "codename": "add_association"
    }
  },
  {
    "model": "auth.permission",
    "pk": 62,
    "fields": {
      "name": "Can change association",
      "content_type": 16,
      "codename": "change_association"
    }
  },
  {
    "model": "auth.permission",
    "pk": 63,
    "fields": {
      "name": "Can delete association",
      "content_type": 16,
      "codename": "delete_association"
    }
  },
  {
    "model": "auth.permission",
    "pk": 64,
    "fields": {
      "name": "Can view association",
      "content_type": 16,
      "codename": "view_association"
    }
  },
  {
    "model": "auth.permission",
    "pk": 65,
    "fields": {
      "name": "Can add log entry",
      "content_type": 17,
      "codename": "add_logentry"
    }
  },
  {
    "model": "auth.permission",
    "pk": 66,
    "fields": {
      "name": "Can change log entry",
      "content_type": 17,
      "codename": "change_logentry"
    }
  },
  {
    "model": "auth.permission",
    "pk": 67,
    "fields": {
      "name": "Can delete log entry",
      "content_type": 17,
      "codename": "delete_logentry"
    }
  },
  {
    "model": "auth.permission",
    "pk": 68,
    "fields": {
      "name": "Can view log entry",
      "content_type": 17,
      "codename": "view_logentry"
    }
  },
  {
    "model": "auth.permission",
    "pk": 69,
    "fields": {
      "name": "Can add permission",
      "content_type": 18,
      "codename": "add_permission"
    }
  },
  {
    "model": "auth.permission",
    "pk": 70,
    "fields": {
      "name": "Can change permission",
      "content_type": 18,
      "codename": "change_permission"
    }
  },
  {
    "model": "auth.permission",
    "pk": 71,
    "fields": {
      "name": "Can delete permission",
      "content_type": 18,
      "codename": "delete_permission"
    }
  },
  {
    "model": "auth.permission",
    "pk": 72,
    "fields": {
      "name": "Can view permission",
      "content_type": 18,
      "codename": "view_permission"
    }
  },
  {
    "model": "auth.permission",
    "pk": 73,
    "fields": {
      "name": "Can add group",
      "content_type": 19,
      "codename": "add_group"
    }
  },
  {
    "model": "auth.permission",
    "pk": 74,
    "fields": {
      "name": "Can change group",
      "content_type": 19,
      "codename": "change_group"
    }
  },
  {
    "model": "auth.permission",
    "pk": 75,
    "fields": {
      "name": "Can delete group",
      "content_type": 19,
      "codename": "delete_group"
    }
  },
  {
    "model": "auth.permission",
    "pk": 76,
    "fields": {
      "name": "Can view group",
      "content_type": 19,
      "codename": "view_group"
    }
  },
  {
    "model": "auth.permission",
    "pk": 77,
    "fields": {
      "name": "Can add user",
      "content_type": 20,
      "codename": "add_user"
    }
  },
  {
    "model": "auth.permission",
    "pk": 78,
    "fields": {
      "name": "Can change user",
      "content_type": 20,
      "codename": "change_user"
    }
  },
  {
    "model": "auth.permission",
    "pk": 79,
    "fields": {
      "name": "Can delete user",
      "content_type": 20,
      "codename": "delete_user"
    }
  },
  {
    "model": "auth.permission",
    "pk": 80,
    "fields": {
      "name": "Can view user",
      "content_type": 20,
      "codename": "view_user"
    }
  },
  {
    "model": "auth.permission",
    "pk": 81,
    "fields": {
      "name": "Can add content type",
      "content_type": 21,
      "codename": "add_contenttype"
    }
  },
  {
    "model": "auth.permission",
    "pk": 82,
    "fields": {
      "name": "Can change content type",
      "content_type": 21,
      "codename": "change_contenttype"
    }
  },
  {
    "model": "auth.permission",
    "pk": 83,
    "fields": {
      "name": "Can delete content type",
      "content_type": 21,
      "codename": "delete_contenttype"
    }
  },
  {
    "model": "auth.permission",
    "pk": 84,
    "fields": {
      "name": "Can view content type",
      "content_type": 21,
      "codename": "view_contenttype"
    }
  },
  {
    "model": "auth.permission",
    "pk": 85,
    "fields": {
      "name": "Can add session",
      "content_type": 22,
      "codename": "add_session"
    }
  },
  {
    "model": "auth.permission",
    "pk": 86,
    "fields": {
      "name": "Can change session",
      "content_type": 22,
      "codename": "change_session"
    }
  },
  {
    "model": "auth.permission",
    "pk": 87,
    "fields": {
      "name": "Can delete session",
      "content_type": 22,
      "codename": "delete_session"
    }
  },
  {
    "model": "auth.permission",
    "pk": 88,
    "fields": {
      "name": "Can view session",
      "content_type": 22,
      "codename": "view_session"
    }
  },
  {
    "model": "auth.permission",
    "pk": 89,
    "fields": {
      "name": "Can add official",
      "content_type": 23,
      "codename": "add_official"
    }
  },
  {
    "model": "auth.permission",
    "pk": 90,
    "fields": {
      "name": "Can change official",
      "content_type": 23,
      "codename": "change_official"
    }
  },
  {
    "model": "auth.permission",
    "pk": 91,
    "fields": {
      "name": "Can delete official",
      "content_type": 23,
      "codename": "delete_official"
    }
  },
  {
    "model": "auth.permission",
    "pk": 92,
    "fields": {
      "name": "Can view official",
      "content_type": 23,
      "codename": "view_official"
    }
  },
  {
    "model": "auth.permission",
    "pk": 93,
    "fields": {
      "name": "Can add official license",
      "content_type": 24,
      "codename": "add_officiallicense"
    }
  },
  {
    "model": "auth.permission",
    "pk": 94,
    "fields": {
      "name": "Can change official license",
      "content_type": 24,
      "codename": "change_officiallicense"
    }
  },
  {
    "model": "auth.permission",
    "pk": 95,
    "fields": {
      "name": "Can delete official license",
      "content_type": 24,
      "codename": "delete_officiallicense"
    }
  },
  {
    "model": "auth.permission",
    "pk": 96,
    "fields": {
      "name": "Can view official license",
      "content_type": 24,
      "codename": "view_officiallicense"
    }
  },
  {
    "model": "auth.permission",
    "pk": 97,
    "fields": {
      "name": "Can add official license history",
      "content_type": 25,
      "codename": "add_officiallicensehistory"
    }
  },
  {
    "model": "auth.permission",
    "pk": 98,
    "fields": {
      "name": "Can change official license history",
      "content_type": 25,
      "codename": "change_officiallicensehistory"
    }
  },
  {
    "model": "auth.permission",
    "pk": 99,
    "fields": {
      "name": "Can delete official license history",
      "content_type": 25,
      "codename": "delete_officiallicensehistory"
    }
  },
  {
    "model": "auth.permission",
    "pk": 100,
    "fields": {
      "name": "Can view official license history",
      "content_type": 25,
      "codename": "view_officiallicensehistory"
    }
  },
  {
    "model": "auth.permission",
    "pk": 101,
    "fields": {
      "name": "Can add official external games",
      "content_type": 26,
      "codename": "add_officialexternalgames"
    }
  },
  {
    "model": "auth.permission",
    "pk": 102,
    "fields": {
      "name": "Can change official external games",
      "content_type": 26,
      "codename": "change_officialexternalgames"
    }
  },
  {
    "model": "auth.permission",
    "pk": 103,
    "fields": {
      "name": "Can delete official external games",
      "content_type": 26,
      "codename": "delete_officialexternalgames"
    }
  },
  {
    "model": "auth.permission",
    "pk": 104,
    "fields": {
      "name": "Can view official external games",
      "content_type": 26,
      "codename": "view_officialexternalgames"
    }
  },
  {
    "model": "auth.permission",
    "pk": 105,
    "fields": {
      "name": "Can add auth token",
      "content_type": 27,
      "codename": "add_authtoken"
    }
  },
  {
    "model": "auth.permission",
    "pk": 106,
    "fields": {
      "name": "Can change auth token",
      "content_type": 27,
      "codename": "change_authtoken"
    }
  },
  {
    "model": "auth.permission",
    "pk": 107,
    "fields": {
      "name": "Can delete auth token",
      "content_type": 27,
      "codename": "delete_authtoken"
    }
  },
  {
    "model": "auth.permission",
    "pk": 108,
    "fields": {
      "name": "Can view auth token",
      "content_type": 27,
      "codename": "view_authtoken"
    }
  },
  {
    "model": "auth.permission",
    "pk": 109,
    "fields": {
      "name": "Can add playerlist",
      "content_type": 28,
      "codename": "add_playerlist"
    }
  },
  {
    "model": "auth.permission",
    "pk": 110,
    "fields": {
      "name": "Can change playerlist",
      "content_type": 28,
      "codename": "change_playerlist"
    }
  },
  {
    "model": "auth.permission",
    "pk": 111,
    "fields": {
      "name": "Can delete playerlist",
      "content_type": 28,
      "codename": "delete_playerlist"
    }
  },
  {
    "model": "auth.permission",
    "pk": 112,
    "fields": {
      "name": "Can view playerlist",
      "content_type": 28,
      "codename": "view_playerlist"
    }
  },
  {
    "model": "auth.permission",
    "pk": 113,
    "fields": {
      "name": "Can add team relationship",
      "content_type": 29,
      "codename": "add_teamrelationship"
    }
  },
  {
    "model": "auth.permission",
    "pk": 114,
    "fields": {
      "name": "Can change team relationship",
      "content_type": 29,
      "codename": "change_teamrelationship"
    }
  },
  {
    "model": "auth.permission",
    "pk": 115,
    "fields": {
      "name": "Can delete team relationship",
      "content_type": 29,
      "codename": "delete_teamrelationship"
    }
  },
  {
    "model": "auth.permission",
    "pk": 116,
    "fields": {
      "name": "Can view team relationship",
      "content_type": 29,
      "codename": "view_teamrelationship"
    }
  },
  {
    "model": "auth.permission",
    "pk": 117,
    "fields": {
      "name": "Can add playerlist gameday",
      "content_type": 30,
      "codename": "add_playerlistgameday"
    }
  },
  {
    "model": "auth.permission",
    "pk": 118,
    "fields": {
      "name": "Can change playerlist gameday",
      "content_type": 30,
      "codename": "change_playerlistgameday"
    }
  },
  {
    "model": "auth.permission",
    "pk": 119,
    "fields": {
      "name": "Can delete playerlist gameday",
      "content_type": 30,
      "codename": "delete_playerlistgameday"
    }
  },
  {
    "model": "auth.permission",
    "pk": 120,
    "fields": {
      "name": "Can view playerlist gameday",
      "content_type": 30,
      "codename": "view_playerlistgameday"
    }
  },
  {
    "model": "auth.permission",
    "pk": 121,
    "fields": {
      "name": "Can add passcheck verification",
      "content_type": 31,
      "codename": "add_passcheckverification"
    }
  },
  {
    "model": "auth.permission",
    "pk": 122,
    "fields": {
      "name": "Can change passcheck verification",
      "content_type": 31,
      "codename": "change_passcheckverification"
    }
  },
  {
    "model": "auth.permission",
    "pk": 123,
    "fields": {
      "name": "Can delete passcheck verification",
      "content_type": 31,
      "codename": "delete_passcheckverification"
    }
  },
  {
    "model": "auth.permission",
    "pk": 124,
    "fields": {
      "name": "Can view passcheck verification",
      "content_type": 31,
      "codename": "view_passcheckverification"
    }
  },
  {
    "model": "auth.permission",
    "pk": 125,
    "fields": {
      "name": "Can add eligibility rule",
      "content_type": 32,
      "codename": "add_eligibilityrule"
    }
  },
  {
    "model": "auth.permission",
    "pk": 126,
    "fields": {
      "name": "Can change eligibility rule",
      "content_type": 32,
      "codename": "change_eligibilityrule"
    }
  },
  {
    "model": "auth.permission",
    "pk": 127,
    "fields": {
      "name": "Can delete eligibility rule",
      "content_type": 32,
      "codename": "delete_eligibilityrule"
    }
  },
  {
    "model": "auth.permission",
    "pk": 128,
    "fields": {
      "name": "Can view eligibility rule",
      "content_type": 32,
      "codename": "view_eligibilityrule"
    }
  },
  {
    "model": "auth.user",
    "pk": 1,
    "fields": {
      "password": "pbkdf2_sha256$600000$kTesWSRwafCCqVYVcEr7qQ$SpIyq16Ln4PHtEX//MIMJYxhBx+a8GvNaPk3LP17x5I=",
      "last_login": "2024-02-09T11:19:12.817",
      "is_superuser": true,
      "username": "demoAdmin",
      "first_name": "",
      "last_name": "",
      "email": "c.kaempfe@afvd.de",
      "is_staff": true,
      "is_active": true,
      "date_joined": "2023-10-31T20:13:14.566",
      "groups": [],
      "user_permissions": []
    }
  },
  {
    "model": "auth.user",
    "pk": 2,
    "fields": {
      "password": "pbkdf2_sha256$600000$Rybg3yCc5pVcHgBcFZ0B0K$8Wg4Lun4GBXk01dv6fAgvqtFqKlEq/QiwJJGsMGB/Ec=",
      "last_login": null,
      "is_superuser": false,
      "username": "officials",
      "first_name": "",
      "last_name": "",
      "email": "",
      "is_staff": false,
      "is_active": true,
      "date_joined": "2023-10-31T20:26:59.592",
      "groups": [],
      "user_permissions": []
    }
  },
  {
    "model": "auth.user",
    "pk": 3,
    "fields": {
      "password": "pbkdf2_sha256$600000$HgIzOH3Oo1PLJFt61opOJD$I2tk4YBFw/pU+YjVvu77sPIhbxH87bh2NvzwAwzKV30=",
      "last_login": null,
      "is_superuser": false,
      "username": "TeamA",
      "first_name": "",
      "last_name": "",
      "email": "",
      "is_staff": false,
      "is_active": true,
      "date_joined": "2023-10-31T20:30:15.347",
      "groups": [],
      "user_permissions": []
    }
  },
  {
    "model": "contenttypes.contenttype",
    "pk": 1,
    "fields": {
      "app_label": "gamedays",
      "model": "achievement"
    }
  },
  {
    "model": "contenttypes.contenttype",
    "pk": 2,
    "fields": {
      "app_label": "gamedays",
      "model": "gameday"
    }
  },
  {
    "model": "contenttypes.contenttype",
    "pk": 3,
    "fields": {
      "app_label": "gamedays",
      "model": "gameinfo"
    }
  },
  {
    "model": "contenttypes.contenttype",
    "pk": 4,
    "fields": {
      "app_label": "gamedays",
      "model": "permissions"
    }
  },
  {
    "model": "contenttypes.contenttype",
    "pk": 5,
    "fields": {
      "app_label": "gamedays",
      "model": "team"
    }
  },
  {
    "model": "contenttypes.contenttype",
    "pk": 6,
    "fields": {
      "app_label": "gamedays",
      "model": "userprofile"
    }
  },
  {
    "model": "contenttypes.contenttype",
    "pk": 7,
    "fields": {
      "app_label": "gamedays",
      "model": "userpermissions"
    }
  },
  {
    "model": "contenttypes.contenttype",
    "pk": 8,
    "fields": {
      "app_label": "gamedays",
      "model": "teamlog"
    }
  },
  {
    "model": "contenttypes.contenttype",
    "pk": 9,
    "fields": {
      "app_label": "gamedays",
      "model": "playerachievement"
    }
  },
  {
    "model": "contenttypes.contenttype",
    "pk": 10,
    "fields": {
      "app_label": "gamedays",
      "model": "gamesetup"
    }
  },
  {
    "model": "contenttypes.contenttype",
    "pk": 11,
    "fields": {
      "app_label": "gamedays",
      "model": "gameresult"
    }
  },
  {
    "model": "contenttypes.contenttype",
    "pk": 12,
    "fields": {
      "app_label": "gamedays",
      "model": "gameofficial"
    }
  },
  {
    "model": "contenttypes.contenttype",
    "pk": 13,
    "fields": {
      "app_label": "gamedays",
      "model": "league"
    }
  },
  {
    "model": "contenttypes.contenttype",
    "pk": 14,
    "fields": {
      "app_label": "gamedays",
      "model": "season"
    }
  },
  {
    "model": "contenttypes.contenttype",
    "pk": 15,
    "fields": {
      "app_label": "gamedays",
      "model": "seasonleagueteam"
    }
  },
  {
    "model": "contenttypes.contenttype",
    "pk": 16,
    "fields": {
      "app_label": "gamedays",
      "model": "association"
    }
  },
  {
    "model": "contenttypes.contenttype",
    "pk": 17,
    "fields": {
      "app_label": "admin",
      "model": "logentry"
    }
  },
  {
    "model": "contenttypes.contenttype",
    "pk": 18,
    "fields": {
      "app_label": "auth",
      "model": "permission"
    }
  },
  {
    "model": "contenttypes.contenttype",
    "pk": 19,
    "fields": {
      "app_label": "auth",
      "model": "group"
    }
  },
  {
    "model": "contenttypes.contenttype",
    "pk": 20,
    "fields": {
      "app_label": "auth",
      "model": "user"
    }
  },
  {
    "model": "contenttypes.contenttype",
    "pk": 21,
    "fields": {
      "app_label": "contenttypes",
      "model": "contenttype"
    }
  },
  {
    "model": "contenttypes.contenttype",
    "pk": 22,
    "fields": {
      "app_label": "sessions",
      "model": "session"
    }
  },
  {
    "model": "contenttypes.contenttype",
    "pk": 23,
    "fields": {
      "app_label": "officials",
      "model": "official"
    }
  },
  {
    "model": "contenttypes.contenttype",
    "pk": 24,
    "fields": {
      "app_label": "officials",
      "model": "officiallicense"
    }
  },
  {
    "model": "contenttypes.contenttype",
    "pk": 25,
    "fields": {
      "app_label": "officials",
      "model": "officiallicensehistory"
    }
  },
  {
    "model": "contenttypes.contenttype",
    "pk": 26,
    "fields": {
      "app_label": "officials",
      "model": "officialexternalgames"
    }
  },
  {
    "model": "contenttypes.contenttype",
    "pk": 27,
    "fields": {
      "app_label": "knox",
      "model": "authtoken"
    }
  },
  {
    "model": "contenttypes.contenttype",
    "pk": 28,
    "fields": {
      "app_label": "passcheck",
      "model": "playerlist"
    }
  },
  {
    "model": "contenttypes.contenttype",
    "pk": 29,
    "fields": {
      "app_label": "passcheck",
      "model": "teamrelationship"
    }
  },
  {
    "model": "contenttypes.contenttype",
    "pk": 30,
    "fields": {
      "app_label": "passcheck",
      "model": "playerlistgameday"
    }
  },
  {
    "model": "contenttypes.contenttype",
    "pk": 31,
    "fields": {
      "app_label": "passcheck",
      "model": "passcheckverification"
    }
  },
  {
    "model": "contenttypes.contenttype",
    "pk": 32,
    "fields": {
      "app_label": "passcheck",
      "model": "eligibilityrule"
    }
  },
  {
    "model": "sessions.session",
    "pk": "814o32csmlxh08s0i20gr24he0i3zi98",
    "fields": {
      "session_data": ".eJxVjEEOwiAQRe_C2hCYQkGX7nsGMjCDVA0kpV0Z765NutDtf-_9lwi4rSVsnZcwk7gILU6_W8T04LoDumO9NZlaXZc5yl2RB-1yasTP6-H-HRTs5Vv7ESCpc2YisIo1gVc4ZEucGAfQBj1Hww5gZG-VH5xD1C5mm4wHxeL9AesXN_Y:1rYNyT:NWcXEG6-obKnPnMNMGEwCPzLrFQEFiQowHsyw8ipyrA",
      "expire_date": "2024-02-23T11:19:13.033"
    }
  },
  {
    "model": "sessions.session",
    "pk": "v4j31xnzp5re4rktepp2crzqa9kgewn8",
    "fields": {
      "session_data": ".eJxVjDsOwjAQBe_iGln-yjElPWewvN5dHECOFCdVxN1JpBTQzsx7m0h5XWpaO81pRHEVWlx-GeTyonYIfOb2mGSZ2jKPII9EnrbL-4T0vp3t30HNve5rH2EIKhDZCBxcMc6zAWWVykwKcafaoLWgdfHgKfCA0TjOxDqStuLzBesXOF4:1qxuCq:SA3-brVIN0ypB6IMPYIR_rPMtq0D5fEb7OqZyAZITkw",
      "expire_date": "2023-11-14T20:15:16.999"
    }
  },
  {
    "model": "officials.official",
    "pk": 1,
    "fields": {
      "first_name": "Aidan",
      "last_name": "Leyzell",
      "team": 6,
      "external_id": "1",
      "association": 1
    }
  },
  {
    "model": "officials.official",
    "pk": 2,
    "fields": {
      "first_name": "Daniel",
      "last_name": "Lusher",
      "team": 6,
      "external_id": "2",
      "association": 1
    }
  },
  {
    "model": "officials.official",
    "pk": 3,
    "fields": {
      "first_name": "Irena",
      "last_name": "Ceney",
      "team": 6,
      "external_id": "3",
      "association": 1
    }
  },
  {
    "model": "officials.official",
    "pk": 4,
    "fields": {
      "first_name": "Kyle",
      "last_name": "Fourman",
      "team": 6,
      "external_id": "4",
      "association": 1
    }
  },
  {
    "model": "officials.official",
    "pk": 5,
    "fields": {
      "first_name": "Linc",
      "last_name": "Suerz",
      "team": 6,
      "external_id": "5",
      "association": 1
    }
  },
  {
    "model": "officials.official",
    "pk": 6,
    "fields": {
      "first_name": "Minor",
      "last_name": "Hansel",
      "team": 6,
      "external_id": "6",
      "association": 1
    }
  },
  {
    "model": "officials.official",
    "pk": 7,
    "fields": {
      "first_name": "Ram",
      "last_name": "Hartland",
      "team": 6,
      "external_id": "7",
      "association": 1
    }
  },
  {
    "model": "officials.official",
    "pk": 8,
    "fields": {
      "first_name": "Anne",
      "last_name": "Alt",
      "team": 1,
      "external_id": "8",
      "association": 1
    }
  },
  {
    "model": "officials.official",
    "pk": 9,
    "fields": {
      "first_name": "Marle",
      "last_name": "Mix",
      "team": 1,
      "external_id": "9",
      "association": 1
    }
  },
  {
    "model": "officials.official",
    "pk": 10,
    "fields": {
      "first_name": "Walter",
      "last_name": "Willich",
      "team": 1,
      "external_id": "10",
      "association": 1
    }
  },
  {
    "model": "officials.officiallicense",
    "pk": 1,
    "fields": {
      "name": "F1"
    }
  },
  {
    "model": "officials.officiallicense",
    "pk": 2,
    "fields": {
      "name": "F2"
    }
  },
  {
    "model": "officials.officiallicense",
    "pk": 3,
    "fields": {
      "name": "F3"
    }
  },
  {
    "model": "knox.authtoken",
    "pk": "19e8424afa681c07e36b190b0b311eb128ccb289ba2b707e06becb910b03791d3c77eb472c363867f0f69a8f5988f0eb11a94e94d89a1e7a8630b377b9748cce",
    "fields": {
      "token_key": "03e78e87",
      "user": 2,
      "created": "2024-02-09T17:18:52.226",
      "expiry": "2024-02-10T03:18:52.225"
    }
  },
  {
    "model": "knox.authtoken",
    "pk": "b8e41aff419bf1769e4edee0cbebd709878ffb2e4f64c7923d00b1ab03fb8f078803142fe08eef7c562f7344b71d51be93dd98df6fae787fd911e427557a8e61",
    "fields": {
      "token_key": "e30b8d34",
      "user": 1,
      "created": "2024-02-09T13:10:29.741",
      "expiry": "2024-02-09T23:10:29.740"
    }
  },
  {
    "model": "passcheck.playerlist",
    "pk": 1,
    "fields": {
      "team": 7,
      "first_name": "Julia",
      "last_name": "Müller",
      "jersey_number": 23,
      "pass_number": 123456,
      "sex": 1,
      "year_of_birth": 1995
    }
  },
  {
    "model": "passcheck.playerlist",
    "pk": 2,
    "fields": {
      "team": 7,
      "first_name": "Max",
      "last_name": "Schmidt",
      "jersey_number": 45,
      "pass_number": 234567,
      "sex": 2,
      "year_of_birth": 1988
    }
  },
  {
    "model": "passcheck.playerlist",
    "pk": 3,
    "fields": {
      "team": 7,
      "first_name": "Sarah",
      "last_name": "Wagner",
      "jersey_number": 12,
      "pass_number": 345678,
      "sex": 1,
      "year_of_birth": 1999
    }
  },
  {
    "model": "passcheck.playerlist",
    "pk": 4,
    "fields": {
      "team": 7,
      "first_name": "Jonas",
      "last_name": "Klein",
      "jersey_number": 87,
      "pass_number": 456789,
      "sex": 2,
      "year_of_birth": 1992
    }
  },
  {
    "model": "passcheck.playerlist",
    "pk": 5,
    "fields": {
      "team": 7,
      "first_name": "Laura",
      "last_name": "Hofmann",
      "jersey_number": 77,
      "pass_number": 567890,
      "sex": 1,
      "year_of_birth": 1985
    }
  },
  {
    "model": "passcheck.playerlist",
    "pk": 6,
    "fields": {
      "team": 7,
      "first_name": "Tim",
      "last_name": "Becker",
      "jersey_number": 32,
      "pass_number": 678901,
      "sex": 2,
      "year_of_birth": 1980
    }
  },
  {
    "model": "passcheck.playerlist",
    "pk": 7,
    "fields": {
      "team": 7,
      "first_name": "Lisa",
      "last_name": "Schulz",
      "jersey_number": 56,
      "pass_number": 789012,
      "sex": 1,
      "year_of_birth": 1990
    }
  },
  {
    "model": "passcheck.playerlist",
    "pk": 8,
    "fields": {
      "team": 7,
      "first_name": "Felix",
      "last_name": "Meier",
      "jersey_number": 10,
      "pass_number": 890123,
      "sex": 2,
      "year_of_birth": 2015
    }
  },
  {
    "model": "passcheck.playerlist",
    "pk": 9,
    "fields": {
      "team": 7,
      "first_name": "Anna",
      "last_name": "Bauer",
      "jersey_number": 19,
      "pass_number": 901234,
      "sex": 1,
      "year_of_birth": 1978
    }
  },
  {
    "model": "passcheck.playerlist",
    "pk": 10,
    "fields": {
      "team": 7,
      "first_name": "Simon",
      "last_name": "Herrmann",
      "jersey_number": 14,
      "pass_number": 910111,
      "sex": 2,
      "year_of_birth": 1982
    }
  },
  {
    "model": "passcheck.playerlist",
    "pk": 11,
    "fields": {
      "team": 8,
      "first_name": "Antonia",
      "last_name": "Schneider",
      "jersey_number": 65,
      "pass_number": 111213,
      "sex": 1,
      "year_of_birth": 1987
    }
  },
  {
    "model": "passcheck.playerlist",
    "pk": 12,
    "fields": {
      "team": 8,
      "first_name": "Niklas",
      "last_name": "Lehmann",
      "jersey_number": 42,
      "pass_number": 121314,
      "sex": 2,
      "year_of_birth": 1996
    }
  },
  {
    "model": "passcheck.playerlist",
    "pk": 13,
    "fields": {
      "team": 8,
      "first_name": "Lena",
      "last_name": "Fischer",
      "jersey_number": 88,
      "pass_number": 131415,
      "sex": 1,
      "year_of_birth": 1980
    }
  },
  {
    "model": "passcheck.playerlist",
    "pk": 14,
    "fields": {
      "team": 8,
      "first_name": "Luca",
      "last_name": "Weber",
      "jersey_number": 23,
      "pass_number": 141516,
      "sex": 2,
      "year_of_birth": 1992
    }
  },
  {
    "model": "passcheck.playerlist",
    "pk": 15,
    "fields": {
      "team": 8,
      "first_name": "Sophia",
      "last_name": "Meyer",
      "jersey_number": 11,
      "pass_number": 151617,
      "sex": 1,
      "year_of_birth": 2001
    }
  },
  {
    "model": "passcheck.playerlist",
    "pk": 16,
    "fields": {
      "team": 8,
      "first_name": "David",
      "last_name": "Wolf",
      "jersey_number": 77,
      "pass_number": 161718,
      "sex": 2,
      "year_of_birth": 1984
    }
  },
  {
    "model": "passcheck.playerlist",
    "pk": 17,
    "fields": {
      "team": 8,
      "first_name": "Emma",
      "last_name": "Schwarz",
      "jersey_number": 35,
      "pass_number": 171819,
      "sex": 1,
      "year_of_birth": 1990
    }
  },
  {
    "model": "passcheck.playerlist",
    "pk": 18,
    "fields": {
      "team": 8,
      "first_name": "Leon",
      "last_name": "Schmidt",
      "jersey_number": 99,
      "pass_number": 181920,
      "sex": 2,
      "year_of_birth": 1975
    }
  },
  {
    "model": "passcheck.playerlist",
    "pk": 19,
    "fields": {
      "team": 8,
      "first_name": "Hannah",
      "last_name": "Becker",
      "jersey_number": 17,
      "pass_number": 192021,
      "sex": 1,
      "year_of_birth": 1988
    }
  },
  {
    "model": "passcheck.playerlist",
    "pk": 20,
    "fields": {
      "team": 8,
      "first_name": "Felix",
      "last_name": "Klein",
      "jersey_number": 29,
      "pass_number": 202122,
      "sex": 2,
      "year_of_birth": 1973
    }
  },
  {
    "model": "passcheck.playerlist",
    "pk": 22,
    "fields": {
      "team": 8,
      "first_name": "Laura",
      "last_name": "Hofmann",
      "jersey_number": 8,
      "pass_number": 212223,
      "sex": 1,
      "year_of_birth": 1994
    }
  },
  {
    "model": "passcheck.playerlist",
    "pk": 23,
    "fields": {
      "team": 8,
      "first_name": "Tim",
      "last_name": "Müller",
      "jersey_number": 45,
      "pass_number": 222324,
      "sex": 2,
      "year_of_birth": 1986
    }
  },
  {
    "model": "passcheck.playerlist",
    "pk": 24,
    "fields": {
      "team": 8,
      "first_name": "Marie",
      "last_name": "Herzog",
      "jersey_number": 55,
      "pass_number": 232425,
      "sex": 1,
      "year_of_birth": 1998
    }
  },
  {
    "model": "passcheck.playerlist",
    "pk": 25,
    "fields": {
      "team": 8,
      "first_name": "Simon",
      "last_name": "Bauer",
      "jersey_number": 33,
      "pass_number": 242526,
      "sex": 2,
      "year_of_birth": 1977
    }
  },
  {
    "model": "passcheck.playerlist",
    "pk": 26,
    "fields": {
      "team": 8,
      "first_name": "Jana",
      "last_name": "Wagner",
      "jersey_number": 19,
      "pass_number": 252627,
      "sex": 1,
      "year_of_birth": 1991
    }
  },
  {
    "model": "passcheck.playerlist",
    "pk": 27,
    "fields": {
      "team": 8,
      "first_name": "Marco",
      "last_name": "Beck",
      "jersey_number": 10,
      "pass_number": 262728,
      "sex": 2,
      "year_of_birth": 1982
    }
  },
  {
    "model": "passcheck.playerlist",
    "pk": 28,
    "fields": {
      "team": 8,
      "first_name": "Julia",
      "last_name": "Schulz",
      "jersey_number": 21,
      "pass_number": 272829,
      "sex": 1,
      "year_of_birth": 2000
    }
  },
  {
    "model": "passcheck.playerlist",
    "pk": 29,
    "fields": {
      "team": 8,
      "first_name": "Paul",
      "last_name": "Meier",
      "jersey_number": 87,
      "pass_number": 282930,
      "sex": 2,
      "year_of_birth": 1989
    }
  },
  {
    "model": "passcheck.playerlist",
    "pk": 30,
    "fields": {
      "team": 8,
      "first_name": "Johanna",
      "last_name": "Herrmann",
      "jersey_number": 14,
      "pass_number": 293031,
      "sex": 1,
      "year_of_birth": 1995
    }
  },
  {
    "model": "passcheck.playerlist",
    "pk": 31,
    "fields": {
      "team": 8,
      "first_name": "Tom",
      "last_name": "Schneider",
      "jersey_number": 38,
      "pass_number": 303132,
      "sex": 2,
      "year_of_birth": 1979
    }
  },
  {
    "model": "passcheck.playerlist",
    "pk": 32,
    "fields": {
      "team": 8,
      "first_name": "Sarah",
      "last_name": "Lehmann",
      "jersey_number": 57,
      "pass_number": 313233,
      "sex": 1,
      "year_of_birth": 1981
    }
  },
  {
    "model": "passcheck.playerlist",
    "pk": 33,
    "fields": {
      "team": 8,
      "first_name": "Moritz",
      "last_name": "Fischer",
      "jersey_number": 74,
      "pass_number": 323334,
      "sex": 2,
      "year_of_birth": 1997
    }
  },
  {
    "model": "passcheck.playerlist",
    "pk": 34,
    "fields": {
      "team": 8,
      "first_name": "Alina",
      "last_name": "Weber",
      "jersey_number": 26,
      "pass_number": 333435,
      "sex": 1,
      "year_of_birth": 1976
    }
  },
  {
    "model": "passcheck.playerlist",
    "pk": 35,
    "fields": {
      "team": 8,
      "first_name": "Kevin",
      "last_name": "Meyer",
      "jersey_number": 49,
      "pass_number": 343536,
      "sex": 2,
      "year_of_birth": 1983
    }
  },
  {
    "model": "passcheck.playerlist",
    "pk": 36,
    "fields": {
      "team": 8,
      "first_name": "Lisa",
      "last_name": "Schwarz",
      "jersey_number": 72,
      "pass_number": 353637,
      "sex": 1,
      "year_of_birth": 1993
    }
  },
  {
    "model": "passcheck.playerlist",
    "pk": 37,
    "fields": {
      "team": 1,
      "first_name": "Emma",
      "last_name": "Müller",
      "jersey_number": 10,
      "pass_number": 123456,
      "sex": 1,
      "year_of_birth": 1995
    }
  },
  {
    "model": "passcheck.playerlist",
    "pk": 38,
    "fields": {
      "team": 1,
      "first_name": "Lukas",
      "last_name": "Schmidt",
      "jersey_number": 23,
      "pass_number": 234567,
      "sex": 2,
      "year_of_birth": 1990
    }
  },
  {
    "model": "passcheck.playerlist",
    "pk": 39,
    "fields": {
      "team": 1,
      "first_name": "Sophia",
      "last_name": "Wagner",
      "jersey_number": 8,
      "pass_number": 345678,
      "sex": 1,
      "year_of_birth": 1988
    }
  },
  {
    "model": "passcheck.playerlist",
    "pk": 40,
    "fields": {
      "team": 1,
      "first_name": "Jonas",
      "last_name": "Becker",
      "jersey_number": 15,
      "pass_number": 456789,
      "sex": 2,
      "year_of_birth": 1993
    }
  },
  {
    "model": "passcheck.playerlist",
    "pk": 41,
    "fields": {
      "team": 1,
      "first_name": "Laura",
      "last_name": "Hofmann",
      "jersey_number": 4,
      "pass_number": 567890,
      "sex": 1,
      "year_of_birth": 1986
    }
  },
  {
    "model": "passcheck.playerlist",
    "pk": 42,
    "fields": {
      "team": 1,
      "first_name": "Tim",
      "last_name": "Fischer",
      "jersey_number": 29,
      "pass_number": 678901,
      "sex": 2,
      "year_of_birth": 1998
    }
  },
  {
    "model": "passcheck.playerlist",
    "pk": 43,
    "fields": {
      "team": 1,
      "first_name": "Anna",
      "last_name": "Schulz",
      "jersey_number": 19,
      "pass_number": 789012,
      "sex": 1,
      "year_of_birth": 1979
    }
  },
  {
    "model": "passcheck.playerlist",
    "pk": 44,
    "fields": {
      "team": 1,
      "first_name": "Max",
      "last_name": "Meyer",
      "jersey_number": 30,
      "pass_number": 890124,
      "sex": 2,
      "year_of_birth": 1985
    }
  },
  {
    "model": "passcheck.playerlist",
    "pk": 45,
    "fields": {
      "team": 2,
      "first_name": "David",
      "last_name": "Schneider",
      "jersey_number": 7,
      "pass_number": 654321,
      "sex": 2,
      "year_of_birth": 1992
    }
  },
  {
    "model": "passcheck.playerlist",
    "pk": 46,
    "fields": {
      "team": 2,
      "first_name": "Lisa",
      "last_name": "Becker",
      "jersey_number": 14,
      "pass_number": 543210,
      "sex": 1,
      "year_of_birth": 1986
    }
  },
  {
    "model": "passcheck.playerlist",
    "pk": 47,
    "fields": {
      "team": 2,
      "first_name": "Jan",
      "last_name": "Schwarz",
      "jersey_number": 20,
      "pass_number": 432109,
      "sex": 2,
      "year_of_birth": 1990
    }
  },
  {
    "model": "passcheck.playerlist",
    "pk": 48,
    "fields": {
      "team": 2,
      "first_name": "Lena",
      "last_name": "Wagner",
      "jersey_number": 5,
      "pass_number": 321098,
      "sex": 1,
      "year_of_birth": 1998
    }
  },
  {
    "model": "passcheck.playerlist",
    "pk": 49,
    "fields": {
      "team": 2,
      "first_name": "Tom",
      "last_name": "Müller",
      "jersey_number": 11,
      "pass_number": 210987,
      "sex": 2,
      "year_of_birth": 1980
    }
  },
  {
    "model": "passcheck.playerlist",
    "pk": 50,
    "fields": {
      "team": 2,
      "first_name": "Laura",
      "last_name": "Klein",
      "jersey_number": 22,
      "pass_number": 109876,
      "sex": 1,
      "year_of_birth": 1995
    }
  },
  {
    "model": "passcheck.playerlist",
    "pk": 51,
    "fields": {
      "team": 2,
      "first_name": "Nico",
      "last_name": "Schulz",
      "jersey_number": 3,
      "pass_number": 987654,
      "sex": 2,
      "year_of_birth": 1975
    }
  },
  {
    "model": "passcheck.playerlist",
    "pk": 52,
    "fields": {
      "team": 2,
      "first_name": "Sarah",
      "last_name": "Hofmann",
      "jersey_number": 17,
      "pass_number": 876543,
      "sex": 1,
      "year_of_birth": 1983
    }
  },
  {
    "model": "passcheck.playerlist",
    "pk": 53,
    "fields": {
      "team": 2,
      "first_name": "Simon",
      "last_name": "Meier",
      "jersey_number": 8,
      "pass_number": 765432,
      "sex": 2,
      "year_of_birth": 1996
    }
  },
  {
    "model": "passcheck.playerlist",
    "pk": 56,
    "fields": {
      "team": 2,
      "first_name": "Hannah",
      "last_name": "Fischer",
      "jersey_number": 29,
      "pass_number": 654320,
      "sex": 1,
      "year_of_birth": 1991
    }
  },
  {
    "model": "passcheck.playerlist",
    "pk": 58,
    "fields": {
      "team": 2,
      "first_name": "Felix",
      "last_name": "Schmidt",
      "jersey_number": 16,
      "pass_number": 543219,
      "sex": 2,
      "year_of_birth": 1987
    }
  },
  {
    "model": "passcheck.playerlist",
    "pk": 61,
    "fields": {
      "team": 2,
      "first_name": "Sophie",
      "last_name": "Weber",
      "jersey_number": 10,
      "pass_number": 432123,
      "sex": 1,
      "year_of_birth": 1994
    }
  },
  {
    "model": "passcheck.playerlist",
    "pk": 62,
    "fields": {
      "team": 3,
      "first_name": "Felix",
      "last_name": "Meier",
      "jersey_number": 12,
      "pass_number": 112233,
      "sex": 2,
      "year_of_birth": 1991
    }
  },
  {
    "model": "passcheck.playerlist",
    "pk": 63,
    "fields": {
      "team": 3,
      "first_name": "Sophia",
      "last_name": "Schmidt",
      "jersey_number": 9,
      "pass_number": 223344,
      "sex": 1,
      "year_of_birth": 1989
    }
  },
  {
    "model": "passcheck.playerlist",
    "pk": 64,
    "fields": {
      "team": 3,
      "first_name": "Paul",
      "last_name": "Wagner",
      "jersey_number": 18,
      "pass_number": 334455,
      "sex": 2,
      "year_of_birth": 1997
    }
  },
  {
    "model": "passcheck.playerlist",
    "pk": 65,
    "fields": {
      "team": 3,
      "first_name": "Emma",
      "last_name": "Fischer",
      "jersey_number": 6,
      "pass_number": 445566,
      "sex": 1,
      "year_of_birth": 1984
    }
  },
  {
    "model": "passcheck.playerlist",
    "pk": 66,
    "fields": {
      "team": 3,
      "first_name": "Max",
      "last_name": "Müller",
      "jersey_number": 27,
      "pass_number": 556677,
      "sex": 2,
      "year_of_birth": 1993
    }
  },
  {
    "model": "passcheck.playerlist",
    "pk": 67,
    "fields": {
      "team": 3,
      "first_name": "Lena",
      "last_name": "Klein",
      "jersey_number": 14,
      "pass_number": 667788,
      "sex": 1,
      "year_of_birth": 1981
    }
  },
  {
    "model": "passcheck.playerlist",
    "pk": 68,
    "fields": {
      "team": 3,
      "first_name": "Luca",
      "last_name": "Schulz",
      "jersey_number": 25,
      "pass_number": 778899,
      "sex": 2,
      "year_of_birth": 1978
    }
  },
  {
    "model": "passcheck.playerlist",
    "pk": 69,
    "fields": {
      "team": 3,
      "first_name": "Hannah",
      "last_name": "Hofmann",
      "jersey_number": 8,
      "pass_number": 889900,
      "sex": 1,
      "year_of_birth": 1995
    }
  },
  {
    "model": "passcheck.playerlist",
    "pk": 70,
    "fields": {
      "team": 3,
      "first_name": "Julian",
      "last_name": "Schneider",
      "jersey_number": 19,
      "pass_number": 990011,
      "sex": 2,
      "year_of_birth": 1986
    }
  },
  {
    "model": "passcheck.playerlist",
    "pk": 71,
    "fields": {
      "team": 3,
      "first_name": "Laura",
      "last_name": "Becker",
      "jersey_number": 21,
      "pass_number": 100112,
      "sex": 1,
      "year_of_birth": 1990
    }
  },
  {
    "model": "passcheck.playerlist",
    "pk": 72,
    "fields": {
      "team": 3,
      "first_name": "Simon",
      "last_name": "Schwarz",
      "jersey_number": 33,
      "pass_number": 101113,
      "sex": 2,
      "year_of_birth": 1977
    }
  },
  {
    "model": "passcheck.playerlist",
    "pk": 73,
    "fields": {
      "team": 3,
      "first_name": "Sophie",
      "last_name": "Meyer",
      "jersey_number": 15,
      "pass_number": 111213,
      "sex": 1,
      "year_of_birth": 1998
    }
  },
  {
    "model": "passcheck.playerlist",
    "pk": 74,
    "fields": {
      "team": 3,
      "first_name": "Sarah",
      "last_name": "Klein",
      "jersey_number": 7,
      "pass_number": 121314,
      "sex": 1,
      "year_of_birth": 1982
    }
  },
  {
    "model": "passcheck.playerlist",
    "pk": 75,
    "fields": {
      "team": 3,
      "first_name": "Jonas",
      "last_name": "Wagner",
      "jersey_number": 23,
      "pass_number": 131415,
      "sex": 2,
      "year_of_birth": 1992
    }
  },
  {
    "model": "passcheck.playerlist",
    "pk": 76,
    "fields": {
      "team": 3,
      "first_name": "Marie",
      "last_name": "Lehmann",
      "jersey_number": 36,
      "pass_number": 141516,
      "sex": 1,
      "year_of_birth": 1985
    }
  },
  {
    "model": "passcheck.playerlist",
    "pk": 77,
    "fields": {
      "team": 3,
      "first_name": "David",
      "last_name": "Schulz",
      "jersey_number": 13,
      "pass_number": 151617,
      "sex": 2,
      "year_of_birth": 1994
    }
  },
  {
    "model": "passcheck.playerlist",
    "pk": 78,
    "fields": {
      "team": 3,
      "first_name": "Anna",
      "last_name": "Weber",
      "jersey_number": 28,
      "pass_number": 161718,
      "sex": 1,
      "year_of_birth": 1979
    }
  },
  {
    "model": "passcheck.playerlist",
    "pk": 79,
    "fields": {
      "team": 3,
      "first_name": "Leonie",
      "last_name": "Fischer",
      "jersey_number": 42,
      "pass_number": 171819,
      "sex": 1,
      "year_of_birth": 1999
    }
  },
  {
    "model": "passcheck.playerlist",
    "pk": 80,
    "fields": {
      "team": 3,
      "first_name": "Finn",
      "last_name": "Müller",
      "jersey_number": 31,
      "pass_number": 181920,
      "sex": 2,
      "year_of_birth": 1988
    }
  },
  {
    "model": "passcheck.playerlist",
    "pk": 81,
    "fields": {
      "team": 3,
      "first_name": "Laura",
      "last_name": "Schmidt",
      "jersey_number": 20,
      "pass_number": 192021,
      "sex": 1,
      "year_of_birth": 1980
    }
  },
  {
    "model": "passcheck.playerlist",
    "pk": 82,
    "fields": {
      "team": 3,
      "first_name": "Jan",
      "last_name": "Schwarz",
      "jersey_number": 11,
      "pass_number": 202122,
      "sex": 2,
      "year_of_birth": 1996
    }
  },
  {
    "model": "passcheck.playerlist",
    "pk": 83,
    "fields": {
      "team": 3,
      "first_name": "Max",
      "last_name": "Hofmann",
      "jersey_number": 24,
      "pass_number": 212223,
      "sex": 2,
      "year_of_birth": 1991
    }
  },
  {
    "model": "passcheck.playerlist",
    "pk": 84,
    "fields": {
      "team": 4,
      "first_name": "Anton",
      "last_name": "Schwarz",
      "jersey_number": 19,
      "pass_number": 998877,
      "sex": 2,
      "year_of_birth": 1994
    }
  },
  {
    "model": "passcheck.playerlist",
    "pk": 85,
    "fields": {
      "team": 4,
      "first_name": "Laura",
      "last_name": "Becker",
      "jersey_number": 24,
      "pass_number": 887766,
      "sex": 1,
      "year_of_birth": 1987
    }
  },
  {
    "model": "passcheck.playerlist",
    "pk": 86,
    "fields": {
      "team": 4,
      "first_name": "Tim",
      "last_name": "Schmidt",
      "jersey_number": 5,
      "pass_number": 776655,
      "sex": 2,
      "year_of_birth": 1991
    }
  },
  {
    "model": "passcheck.playerlist",
    "pk": 87,
    "fields": {
      "team": 4,
      "first_name": "Anna",
      "last_name": "Wagner",
      "jersey_number": 16,
      "pass_number": 665544,
      "sex": 1,
      "year_of_birth": 1980
    }
  },
  {
    "model": "passcheck.playerlist",
    "pk": 88,
    "fields": {
      "team": 4,
      "first_name": "Simon",
      "last_name": "Müller",
      "jersey_number": 29,
      "pass_number": 554433,
      "sex": 2,
      "year_of_birth": 1999
    }
  },
  {
    "model": "passcheck.playerlist",
    "pk": 89,
    "fields": {
      "team": 4,
      "first_name": "Sophia",
      "last_name": "Klein",
      "jersey_number": 8,
      "pass_number": 443322,
      "sex": 1,
      "year_of_birth": 1983
    }
  },
  {
    "model": "passcheck.playerlist",
    "pk": 90,
    "fields": {
      "team": 4,
      "first_name": "Luca",
      "last_name": "Schulz",
      "jersey_number": 10,
      "pass_number": 332211,
      "sex": 2,
      "year_of_birth": 1976
    }
  },
  {
    "model": "passcheck.playerlist",
    "pk": 91,
    "fields": {
      "team": 4,
      "first_name": "Emma",
      "last_name": "Hofmann",
      "jersey_number": 21,
      "pass_number": 221100,
      "sex": 1,
      "year_of_birth": 1997
    }
  },
  {
    "model": "passcheck.playerlist",
    "pk": 92,
    "fields": {
      "team": 4,
      "first_name": "Julian",
      "last_name": "Fischer",
      "jersey_number": 32,
      "pass_number": 110022,
      "sex": 2,
      "year_of_birth": 1985
    }
  },
  {
    "model": "passcheck.playerlist",
    "pk": 93,
    "fields": {
      "team": 4,
      "first_name": "Mia",
      "last_name": "Lehmann",
      "jersey_number": 40,
      "pass_number": 220011,
      "sex": 1,
      "year_of_birth": 1992
    }
  },
  {
    "model": "passcheck.playerlist",
    "pk": 94,
    "fields": {
      "team": 4,
      "first_name": "Hannes",
      "last_name": "Schwarz",
      "jersey_number": 26,
      "pass_number": 330022,
      "sex": 2,
      "year_of_birth": 1979
    }
  },
  {
    "model": "passcheck.playerlist",
    "pk": 95,
    "fields": {
      "team": 4,
      "first_name": "Elena",
      "last_name": "Schmidt",
      "jersey_number": 37,
      "pass_number": 440011,
      "sex": 1,
      "year_of_birth": 1995
    }
  },
  {
    "model": "passcheck.playerlist",
    "pk": 96,
    "fields": {
      "team": 4,
      "first_name": "Lukas",
      "last_name": "Wagner",
      "jersey_number": 44,
      "pass_number": 550022,
      "sex": 2,
      "year_of_birth": 1988
    }
  },
  {
    "model": "passcheck.playerlist",
    "pk": 97,
    "fields": {
      "team": 4,
      "first_name": "Laura",
      "last_name": "Beck",
      "jersey_number": 28,
      "pass_number": 660011,
      "sex": 1,
      "year_of_birth": 1982
    }
  },
  {
    "model": "passcheck.playerlist",
    "pk": 98,
    "fields": {
      "team": 4,
      "first_name": "Felix",
      "last_name": "Müller",
      "jersey_number": 18,
      "pass_number": 770022,
      "sex": 2,
      "year_of_birth": 1996
    }
  },
  {
    "model": "passcheck.playerlist",
    "pk": 99,
    "fields": {
      "team": 4,
      "first_name": "Sophie",
      "last_name": "Klein",
      "jersey_number": 39,
      "pass_number": 880011,
      "sex": 1,
      "year_of_birth": 1977
    }
  },
  {
    "model": "passcheck.playerlist",
    "pk": 100,
    "fields": {
      "team": 4,
      "first_name": "Mara",
      "last_name": "Schulz",
      "jersey_number": 35,
      "pass_number": 990022,
      "sex": 2,
      "year_of_birth": 1993
    }
  },
  {
    "model": "passcheck.playerlist",
    "pk": 101,
    "fields": {
      "team": 4,
      "first_name": "Tim",
      "last_name": "Schmidt",
      "jersey_number": 49,
      "pass_number": 1122,
      "sex": 1,
      "year_of_birth": 1984
    }
  },
  {
    "model": "passcheck.playerlist",
    "pk": 102,
    "fields": {
      "team": 5,
      "first_name": "Max",
      "last_name": "Meier",
      "jersey_number": 30,
      "pass_number": 112233,
      "sex": 2,
      "year_of_birth": 1988
    }
  },
  {
    "model": "passcheck.playerlist",
    "pk": 103,
    "fields": {
      "team": 5,
      "first_name": "Anna",
      "last_name": "Schmidt",
      "jersey_number": 17,
      "pass_number": 223344,
      "sex": 1,
      "year_of_birth": 1995
    }
  },
  {
    "model": "passcheck.playerlist",
    "pk": 104,
    "fields": {
      "team": 5,
      "first_name": "Paul",
      "last_name": "Wagner",
      "jersey_number": 22,
      "pass_number": 334455,
      "sex": 2,
      "year_of_birth": 1979
    }
  },
  {
    "model": "passcheck.playerlist",
    "pk": 105,
    "fields": {
      "team": 5,
      "first_name": "Lena",
      "last_name": "Fischer",
      "jersey_number": 8,
      "pass_number": 445566,
      "sex": 1,
      "year_of_birth": 1981
    }
  },
  {
    "model": "passcheck.playerlist",
    "pk": 106,
    "fields": {
      "team": 5,
      "first_name": "Tim",
      "last_name": "Müller",
      "jersey_number": 14,
      "pass_number": 556677,
      "sex": 2,
      "year_of_birth": 1990
    }
  },
  {
    "model": "passcheck.playerlist",
    "pk": 107,
    "fields": {
      "team": 5,
      "first_name": "Laura",
      "last_name": "Klein",
      "jersey_number": 5,
      "pass_number": 667788,
      "sex": 1,
      "year_of_birth": 1993
    }
  },
  {
    "model": "passcheck.playerlist",
    "pk": 108,
    "fields": {
      "team": 5,
      "first_name": "Felix",
      "last_name": "Schulz",
      "jersey_number": 19,
      "pass_number": 778899,
      "sex": 2,
      "year_of_birth": 1984
    }
  },
  {
    "model": "passcheck.playerlist",
    "pk": 109,
    "fields": {
      "team": 5,
      "first_name": "Sophia",
      "last_name": "Hofmann",
      "jersey_number": 27,
      "pass_number": 889900,
      "sex": 1,
      "year_of_birth": 1976
    }
  },
  {
    "model": "passcheck.playerlist",
    "pk": 110,
    "fields": {
      "team": 5,
      "first_name": "Marie",
      "last_name": "Wagner",
      "jersey_number": 36,
      "pass_number": 990011,
      "sex": 1,
      "year_of_birth": 1999
    }
  },
  {
    "model": "passcheck.playerlist",
    "pk": 111,
    "fields": {
      "team": 5,
      "first_name": "Lukas",
      "last_name": "Becker",
      "jersey_number": 31,
      "pass_number": 1122,
      "sex": 2,
      "year_of_birth": 1985
    }
  },
  {
    "model": "passcheck.playerlist",
    "pk": 113,
    "fields": {
      "team": 5,
      "first_name": "Emma",
      "last_name": "Schmidt",
      "jersey_number": 24,
      "pass_number": 112222,
      "sex": 1,
      "year_of_birth": 1991
    }
  },
  {
    "model": "passcheck.playerlist",
    "pk": 115,
    "fields": {
      "team": 5,
      "first_name": "Julian",
      "last_name": "Klein",
      "jersey_number": 16,
      "pass_number": 223304,
      "sex": 2,
      "year_of_birth": 1987
    }
  },
  {
    "model": "passcheck.playerlist",
    "pk": 117,
    "fields": {
      "team": 5,
      "first_name": "Sarah",
      "last_name": "Schulz",
      "jersey_number": 11,
      "pass_number": 330455,
      "sex": 1,
      "year_of_birth": 1980
    }
  },
  {
    "model": "passcheck.playerlist",
    "pk": 119,
    "fields": {
      "team": 5,
      "first_name": "Jonas",
      "last_name": "Fischer",
      "jersey_number": 28,
      "pass_number": 442566,
      "sex": 2,
      "year_of_birth": 1992
    }
  },
  {
    "model": "passcheck.playerlist",
    "pk": 121,
    "fields": {
      "team": 5,
      "first_name": "Hannah",
      "last_name": "Schwarz",
      "jersey_number": 35,
      "pass_number": 556688,
      "sex": 1,
      "year_of_birth": 1986
    }
  },
  {
    "model": "passcheck.playerlist",
    "pk": 123,
    "fields": {
      "team": 5,
      "first_name": "Nina",
      "last_name": "Wagner",
      "jersey_number": 42,
      "pass_number": 661288,
      "sex": 1,
      "year_of_birth": 1997
    }
  },
  {
    "model": "passcheck.playerlist",
    "pk": 125,
    "fields": {
      "team": 5,
      "first_name": "Tobias",
      "last_name": "Lehmann",
      "jersey_number": 49,
      "pass_number": 778812,
      "sex": 2,
      "year_of_birth": 1983
    }
  },
  {
    "model": "passcheck.playerlist",
    "pk": 126,
    "fields": {
      "team": 5,
      "first_name": "Sophie",
      "last_name": "Beck",
      "jersey_number": 50,
      "pass_number": 239900,
      "sex": 1,
      "year_of_birth": 1994
    }
  },
  {
    "model": "passcheck.playerlist",
    "pk": 129,
    "fields": {
      "team": 5,
      "first_name": "Mia",
      "last_name": "Schmidt",
      "jersey_number": 1,
      "pass_number": 990022,
      "sex": 1,
      "year_of_birth": 1977
    }
  },
  {
    "model": "passcheck.playerlist",
    "pk": 131,
    "fields": {
      "team": 5,
      "first_name": "Elias",
      "last_name": "Müller",
      "jersey_number": 18,
      "pass_number": 112200,
      "sex": 2,
      "year_of_birth": 1996
    }
  },
  {
    "model": "passcheck.playerlist",
    "pk": 133,
    "fields": {
      "team": 5,
      "first_name": "Sophie",
      "last_name": "Schmidt",
      "jersey_number": 25,
      "pass_number": 112433,
      "sex": 1,
      "year_of_birth": 1982
    }
  },
  {
    "model": "passcheck.playerlist",
    "pk": 135,
    "fields": {
      "team": 5,
      "first_name": "Finn",
      "last_name": "Hofmann",
      "jersey_number": 37,
      "pass_number": 223394,
      "sex": 2,
      "year_of_birth": 1998
    }
  },
  {
    "model": "passcheck.playerlist",
    "pk": 136,
    "fields": {
      "team": 5,
      "first_name": "Emilia",
      "last_name": "Schwarz",
      "jersey_number": 29,
      "pass_number": 332144,
      "sex": 1,
      "year_of_birth": 1978
    }
  },
  {
    "model": "passcheck.playerlist",
    "pk": 137,
    "fields": {
      "team": 5,
      "first_name": "David",
      "last_name": "Wagner",
      "jersey_number": 33,
      "pass_number": 435243,
      "sex": 2,
      "year_of_birth": 1995
    }
  },
  {
    "model": "passcheck.playerlist",
    "pk": 138,
    "fields": {
      "team": 5,
      "first_name": "Lea",
      "last_name": "Schulz",
      "jersey_number": 44,
      "pass_number": 657346,
      "sex": 1,
      "year_of_birth": 1989
    }
  },
  {
    "model": "passcheck.playerlist",
    "pk": 139,
    "fields": {
      "team": 5,
      "first_name": "Anna",
      "last_name": "Müller",
      "jersey_number": 46,
      "pass_number": 53522,
      "sex": 1,
      "year_of_birth": 1990
    }
  },
  {
    "model": "passcheck.playerlist",
    "pk": 140,
    "fields": {
      "team": 6,
      "first_name": "Luca",
      "last_name": "Schneider",
      "jersey_number": 11,
      "pass_number": 456322,
      "sex": 2,
      "year_of_birth": 1994
    }
  },
  {
    "model": "passcheck.playerlist",
    "pk": 141,
    "fields": {
      "team": 6,
      "first_name": "Sarah",
      "last_name": "Becker",
      "jersey_number": 24,
      "pass_number": 457323,
      "sex": 1,
      "year_of_birth": 1987
    }
  },
  {
    "model": "passcheck.playerlist",
    "pk": 142,
    "fields": {
      "team": 6,
      "first_name": "Max",
      "last_name": "Schmidt",
      "jersey_number": 5,
      "pass_number": 423434,
      "sex": 2,
      "year_of_birth": 1991
    }
  },
  {
    "model": "passcheck.playerlist",
    "pk": 143,
    "fields": {
      "team": 6,
      "first_name": "Emma",
      "last_name": "Wagner",
      "jersey_number": 16,
      "pass_number": 624673,
      "sex": 1,
      "year_of_birth": 1980
    }
  },
  {
    "model": "passcheck.playerlist",
    "pk": 144,
    "fields": {
      "team": 6,
      "first_name": "Tim",
      "last_name": "Müller",
      "jersey_number": 29,
      "pass_number": 763832,
      "sex": 2,
      "year_of_birth": 1999
    }
  },
  {
    "model": "passcheck.playerlist",
    "pk": 145,
    "fields": {
      "team": 6,
      "first_name": "Laura",
      "last_name": "Klein",
      "jersey_number": 8,
      "pass_number": 748282,
      "sex": 1,
      "year_of_birth": 1983
    }
  },
  {
    "model": "passcheck.playerlist",
    "pk": 146,
    "fields": {
      "team": 6,
      "first_name": "Felix",
      "last_name": "Schulz",
      "jersey_number": 10,
      "pass_number": 645292,
      "sex": 2,
      "year_of_birth": 1976
    }
  },
  {
    "model": "passcheck.playerlist",
    "pk": 147,
    "fields": {
      "team": 6,
      "first_name": "Sophia",
      "last_name": "Hofmann",
      "jersey_number": 21,
      "pass_number": 637828,
      "sex": 1,
      "year_of_birth": 1997
    }
  },
  {
    "model": "passcheck.playerlist",
    "pk": 148,
    "fields": {
      "team": 6,
      "first_name": "Julian",
      "last_name": "Fischer",
      "jersey_number": 32,
      "pass_number": 790992,
      "sex": 2,
      "year_of_birth": 1985
    }
  },
  {
    "model": "passcheck.playerlist",
    "pk": 149,
    "fields": {
      "team": 6,
      "first_name": "Mia",
      "last_name": "Lehmann",
      "jersey_number": 40,
      "pass_number": 729732,
      "sex": 1,
      "year_of_birth": 1992
    }
  },
  {
    "model": "passcheck.playerlist",
    "pk": 150,
    "fields": {
      "team": 6,
      "first_name": "Hannes",
      "last_name": "Schwarz",
      "jersey_number": 26,
      "pass_number": 648272,
      "sex": 2,
      "year_of_birth": 1979
    }
  },
  {
    "model": "passcheck.playerlist",
    "pk": 151,
    "fields": {
      "team": 6,
      "first_name": "Elena",
      "last_name": "Schmidt",
      "jersey_number": 37,
      "pass_number": 472927,
      "sex": 1,
      "year_of_birth": 1995
    }
  },
  {
    "model": "passcheck.playerlist",
    "pk": 152,
    "fields": {
      "team": 6,
      "first_name": "Lukas",
      "last_name": "Wagner",
      "jersey_number": 44,
      "pass_number": 473289,
      "sex": 2,
      "year_of_birth": 1988
    }
  },
  {
    "model": "passcheck.playerlist",
    "pk": 153,
    "fields": {
      "team": 9,
      "first_name": "Emma",
      "last_name": "Müller",
      "jersey_number": 10,
      "pass_number": 513827,
      "sex": 1,
      "year_of_birth": 1995
    }
  },
  {
    "model": "passcheck.playerlist",
    "pk": 154,
    "fields": {
      "team": 9,
      "first_name": "Lukas",
      "last_name": "Schmidt",
      "jersey_number": 23,
      "pass_number": 278936,
      "sex": 2,
      "year_of_birth": 1990
    }
  },
  {
    "model": "passcheck.playerlist",
    "pk": 155,
    "fields": {
      "team": 9,
      "first_name": "Sophia",
      "last_name": "Wagner",
      "jersey_number": 8,
      "pass_number": 490162,
      "sex": 1,
      "year_of_birth": 1988
    }
  },
  {
    "model": "passcheck.playerlist",
    "pk": 156,
    "fields": {
      "team": 9,
      "first_name": "Jonas",
      "last_name": "Becker",
      "jersey_number": 15,
      "pass_number": 805421,
      "sex": 2,
      "year_of_birth": 1993
    }
  },
  {
    "model": "passcheck.playerlist",
    "pk": 157,
    "fields": {
      "team": 9,
      "first_name": "Laura",
      "last_name": "Hofmann",
      "jersey_number": 4,
      "pass_number": 672934,
      "sex": 1,
      "year_of_birth": 1986
    }
  },
  {
    "model": "passcheck.playerlist",
    "pk": 158,
    "fields": {
      "team": 9,
      "first_name": "Tim",
      "last_name": "Fischer",
      "jersey_number": 29,
      "pass_number": 195438,
      "sex": 2,
      "year_of_birth": 1998
    }
  },
  {
    "model": "passcheck.playerlist",
    "pk": 159,
    "fields": {
      "team": 9,
      "first_name": "Anna",
      "last_name": "Schulz",
      "jersey_number": 19,
      "pass_number": 647821,
      "sex": 1,
      "year_of_birth": 1979
    }
  },
  {
    "model": "passcheck.playerlist",
    "pk": 160,
    "fields": {
      "team": 9,
      "first_name": "Max",
      "last_name": "Meyer",
      "jersey_number": 30,
      "pass_number": 328716,
      "sex": 2,
      "year_of_birth": 1985
    }
  },
  {
    "model": "passcheck.playerlist",
    "pk": 161,
    "fields": {
      "team": 9,
      "first_name": "Julia",
      "last_name": "Schmidt",
      "jersey_number": 11,
      "pass_number": 981234,
      "sex": 1,
      "year_of_birth": 1991
    }
  },
  {
    "model": "passcheck.playerlist",
    "pk": 162,
    "fields": {
      "team": 9,
      "first_name": "David",
      "last_name": "Weber",
      "jersey_number": 22,
      "pass_number": 517493,
      "sex": 2,
      "year_of_birth": 1996
    }
  },
  {
    "model": "passcheck.playerlist",
    "pk": 163,
    "fields": {
      "team": 9,
      "first_name": "Elena",
      "last_name": "Klein",
      "jersey_number": 16,
      "pass_number": 742185,
      "sex": 1,
      "year_of_birth": 1982
    }
  },
  {
    "model": "passcheck.playerlist",
    "pk": 164,
    "fields": {
      "team": 9,
      "first_name": "Felix",
      "last_name": "Schulz",
      "jersey_number": 26,
      "pass_number": 409732,
      "sex": 2,
      "year_of_birth": 1977
    }
  },
  {
    "model": "passcheck.playerlist",
    "pk": 165,
    "fields": {
      "team": 10,
      "first_name": "David",
      "last_name": "Schneider",
      "jersey_number": 7,
      "pass_number": 975812,
      "sex": 2,
      "year_of_birth": 1992
    }
  },
  {
    "model": "passcheck.playerlist",
    "pk": 166,
    "fields": {
      "team": 10,
      "first_name": "Lisa",
      "last_name": "Becker",
      "jersey_number": 14,
      "pass_number": 641923,
      "sex": 1,
      "year_of_birth": 1986
    }
  },
  {
    "model": "passcheck.playerlist",
    "pk": 167,
    "fields": {
      "team": 10,
      "first_name": "Jan",
      "last_name": "Schwarz",
      "jersey_number": 20,
      "pass_number": 359817,
      "sex": 2,
      "year_of_birth": 1990
    }
  },
  {
    "model": "passcheck.playerlist",
    "pk": 168,
    "fields": {
      "team": 10,
      "first_name": "Lena",
      "last_name": "Wagner",
      "jersey_number": 5,
      "pass_number": 827641,
      "sex": 1,
      "year_of_birth": 1998
    }
  },
  {
    "model": "passcheck.playerlist",
    "pk": 169,
    "fields": {
      "team": 10,
      "first_name": "Tom",
      "last_name": "Müller",
      "jersey_number": 11,
      "pass_number": 194378,
      "sex": 2,
      "year_of_birth": 1980
    }
  },
  {
    "model": "passcheck.playerlist",
    "pk": 170,
    "fields": {
      "team": 10,
      "first_name": "Laura",
      "last_name": "Klein",
      "jersey_number": 22,
      "pass_number": 603219,
      "sex": 1,
      "year_of_birth": 1995
    }
  },
  {
    "model": "passcheck.playerlist",
    "pk": 171,
    "fields": {
      "team": 10,
      "first_name": "Nico",
      "last_name": "Schulz",
      "jersey_number": 3,
      "pass_number": 815923,
      "sex": 2,
      "year_of_birth": 1975
    }
  },
  {
    "model": "passcheck.playerlist",
    "pk": 172,
    "fields": {
      "team": 10,
      "first_name": "Sarah",
      "last_name": "Hofmann",
      "jersey_number": 17,
      "pass_number": 238794,
      "sex": 1,
      "year_of_birth": 1983
    }
  },
  {
    "model": "passcheck.playerlist",
    "pk": 173,
    "fields": {
      "team": 10,
      "first_name": "Simon",
      "last_name": "Meier",
      "jersey_number": 8,
      "pass_number": 521497,
      "sex": 2,
      "year_of_birth": 1996
    }
  },
  {
    "model": "passcheck.playerlist",
    "pk": 174,
    "fields": {
      "team": 10,
      "first_name": "Hannah",
      "last_name": "Fischer",
      "jersey_number": 29,
      "pass_number": 879142,
      "sex": 1,
      "year_of_birth": 1991
    }
  },
  {
    "model": "passcheck.playerlist",
    "pk": 175,
    "fields": {
      "team": 10,
      "first_name": "Felix",
      "last_name": "Schmidt",
      "jersey_number": 16,
      "pass_number": 431982,
      "sex": 2,
      "year_of_birth": 1987
    }
  },
  {
    "model": "passcheck.playerlist",
    "pk": 176,
    "fields": {
      "team": 10,
      "first_name": "Sophie",
      "last_name": "Weber",
      "jersey_number": 10,
      "pass_number": 178249,
      "sex": 1,
      "year_of_birth": 1994
    }
  },
  {
    "model": "passcheck.playerlist",
    "pk": 177,
    "fields": {
      "team": 11,
      "first_name": "Sophia",
      "last_name": "Schneider",
      "jersey_number": 14,
      "pass_number": 963124,
      "sex": 1,
      "year_of_birth": 1989
    }
  },
  {
    "model": "passcheck.playerlist",
    "pk": 178,
    "fields": {
      "team": 11,
      "first_name": "Erik",
      "last_name": "Müller",
      "jersey_number": 22,
      "pass_number": 581924,
      "sex": 2,
      "year_of_birth": 1993
    }
  },
  {
    "model": "passcheck.playerlist",
    "pk": 179,
    "fields": {
      "team": 11,
      "first_name": "Anna",
      "last_name": "Schmidt",
      "jersey_number": 11,
      "pass_number": 428195,
      "sex": 1,
      "year_of_birth": 1997
    }
  },
  {
    "model": "passcheck.playerlist",
    "pk": 180,
    "fields": {
      "team": 11,
      "first_name": "Paul",
      "last_name": "Wagner",
      "jersey_number": 6,
      "pass_number": 729185,
      "sex": 2,
      "year_of_birth": 1987
    }
  },
  {
    "model": "passcheck.playerlist",
    "pk": 181,
    "fields": {
      "team": 11,
      "first_name": "Julia",
      "last_name": "Becker",
      "jersey_number": 18,
      "pass_number": 672319,
      "sex": 1,
      "year_of_birth": 1981
    }
  },
  {
    "model": "passcheck.playerlist",
    "pk": 182,
    "fields": {
      "team": 11,
      "first_name": "Felix",
      "last_name": "Klein",
      "jersey_number": 9,
      "pass_number": 345871,
      "sex": 2,
      "year_of_birth": 1995
    }
  },
  {
    "model": "passcheck.playerlist",
    "pk": 183,
    "fields": {
      "team": 11,
      "first_name": "Laura",
      "last_name": "Schulz",
      "jersey_number": 27,
      "pass_number": 841932,
      "sex": 1,
      "year_of_birth": 1990
    }
  },
  {
    "model": "passcheck.playerlist",
    "pk": 184,
    "fields": {
      "team": 11,
      "first_name": "Max",
      "last_name": "Meier",
      "jersey_number": 19,
      "pass_number": 572931,
      "sex": 2,
      "year_of_birth": 1986
    }
  },
  {
    "model": "passcheck.playerlist",
    "pk": 185,
    "fields": {
      "team": 11,
      "first_name": "Mia",
      "last_name": "Fischer",
      "jersey_number": 33,
      "pass_number": 819645,
      "sex": 1,
      "year_of_birth": 1999
    }
  },
  {
    "model": "passcheck.playerlist",
    "pk": 186,
    "fields": {
      "team": 11,
      "first_name": "Leon",
      "last_name": "Schmidt",
      "jersey_number": 4,
      "pass_number": 197453,
      "sex": 2,
      "year_of_birth": 1978
    }
  },
  {
    "model": "passcheck.playerlist",
    "pk": 187,
    "fields": {
      "team": 11,
      "first_name": "Sophie",
      "last_name": "Weber",
      "jersey_number": 16,
      "pass_number": 891247,
      "sex": 1,
      "year_of_birth": 1984
    }
  },
  {
    "model": "passcheck.playerlist",
    "pk": 188,
    "fields": {
      "team": 12,
      "first_name": "Tom",
      "last_name": "Schneider",
      "jersey_number": 2,
      "pass_number": 617983,
      "sex": 2,
      "year_of_birth": 1994
    }
  },
  {
    "model": "passcheck.playerlist",
    "pk": 189,
    "fields": {
      "team": 12,
      "first_name": "Mia",
      "last_name": "Becker",
      "jersey_number": 15,
      "pass_number": 872319,
      "sex": 1,
      "year_of_birth": 1988
    }
  },
  {
    "model": "passcheck.playerlist",
    "pk": 190,
    "fields": {
      "team": 12,
      "first_name": "Jan",
      "last_name": "Schwarz",
      "jersey_number": 19,
      "pass_number": 531247,
      "sex": 2,
      "year_of_birth": 1992
    }
  },
  {
    "model": "passcheck.playerlist",
    "pk": 191,
    "fields": {
      "team": 12,
      "first_name": "Lena",
      "last_name": "Wagner",
      "jersey_number": 8,
      "pass_number": 196432,
      "sex": 1,
      "year_of_birth": 1997
    }
  },
  {
    "model": "passcheck.playerlist",
    "pk": 192,
    "fields": {
      "team": 12,
      "first_name": "Tim",
      "last_name": "Müller",
      "jersey_number": 21,
      "pass_number": 894612,
      "sex": 2,
      "year_of_birth": 1981
    }
  },
  {
    "model": "passcheck.playerlist",
    "pk": 193,
    "fields": {
      "team": 12,
      "first_name": "Laura",
      "last_name": "Klein",
      "jersey_number": 27,
      "pass_number": 741896,
      "sex": 1,
      "year_of_birth": 1986
    }
  },
  {
    "model": "passcheck.playerlist",
    "pk": 194,
    "fields": {
      "team": 12,
      "first_name": "Felix",
      "last_name": "Schulz",
      "jersey_number": 33,
      "pass_number": 298671,
      "sex": 2,
      "year_of_birth": 1995
    }
  },
  {
    "model": "passcheck.playerlist",
    "pk": 195,
    "fields": {
      "team": 12,
      "first_name": "Sophia",
      "last_name": "Hofmann",
      "jersey_number": 16,
      "pass_number": 512379,
      "sex": 1,
      "year_of_birth": 1983
    }
  },
  {
    "model": "passcheck.playerlist",
    "pk": 196,
    "fields": {
      "team": 12,
      "first_name": "David",
      "last_name": "Weber",
      "jersey_number": 10,
      "pass_number": 647321,
      "sex": 2,
      "year_of_birth": 1991
    }
  },
  {
    "model": "passcheck.playerlist",
    "pk": 197,
    "fields": {
      "team": 12,
      "first_name": "Emma",
      "last_name": "Schmidt",
      "jersey_number": 5,
      "pass_number": 317964,
      "sex": 1,
      "year_of_birth": 1998
    }
  },
  {
    "model": "passcheck.playerlist",
    "pk": 198,
    "fields": {
      "team": 12,
      "first_name": "Max",
      "last_name": "Fischer",
      "jersey_number": 18,
      "pass_number": 986731,
      "sex": 2,
      "year_of_birth": 1979
    }
  },
  {
    "model": "passcheck.playerlist",
    "pk": 199,
    "fields": {
      "team": 12,
      "first_name": "Lisa",
      "last_name": "Schulz",
      "jersey_number": 25,
      "pass_number": 829614,
      "sex": 1,
      "year_of_birth": 1990
    }
  },
  {
    "model": "passcheck.playerlist",
    "pk": 200,
    "fields": {
      "team": 15,
      "first_name": "Paul",
      "last_name": "Schneider",
      "jersey_number": 41,
      "pass_number": 893641,
      "sex": 2,
      "year_of_birth": 1994
    }
  },
  {
    "model": "passcheck.playerlist",
    "pk": 201,
    "fields": {
      "team": 15,
      "first_name": "Lena",
      "last_name": "Becker",
      "jersey_number": 12,
      "pass_number": 579832,
      "sex": 1,
      "year_of_birth": 1987
    }
  },
  {
    "model": "passcheck.playerlist",
    "pk": 202,
    "fields": {
      "team": 15,
      "first_name": "Jan",
      "last_name": "Schwarz",
      "jersey_number": 7,
      "pass_number": 312974,
      "sex": 2,
      "year_of_birth": 1991
    }
  },
  {
    "model": "passcheck.playerlist",
    "pk": 203,
    "fields": {
      "team": 15,
      "first_name": "Sophia",
      "last_name": "Wagner",
      "jersey_number": 17,
      "pass_number": 648721,
      "sex": 1,
      "year_of_birth": 1980
    }
  },
  {
    "model": "passcheck.playerlist",
    "pk": 204,
    "fields": {
      "team": 15,
      "first_name": "Jonas",
      "last_name": "Müller",
      "jersey_number": 62,
      "pass_number": 187932,
      "sex": 2,
      "year_of_birth": 1995
    }
  },
  {
    "model": "passcheck.playerlist",
    "pk": 205,
    "fields": {
      "team": 15,
      "first_name": "Laura",
      "last_name": "Klein",
      "jersey_number": 3,
      "pass_number": 421896,
      "sex": 1,
      "year_of_birth": 1984
    }
  },
  {
    "model": "passcheck.playerlist",
    "pk": 206,
    "fields": {
      "team": 15,
      "first_name": "Tim",
      "last_name": "Schulz",
      "jersey_number": 91,
      "pass_number": 972143,
      "sex": 2,
      "year_of_birth": 1977
    }
  },
  {
    "model": "passcheck.playerlist",
    "pk": 207,
    "fields": {
      "team": 15,
      "first_name": "Emma",
      "last_name": "Fischer",
      "jersey_number": 9,
      "pass_number": 586321,
      "sex": 1,
      "year_of_birth": 1992
    }
  },
  {
    "model": "passcheck.playerlist",
    "pk": 208,
    "fields": {
      "team": 15,
      "first_name": "Max",
      "last_name": "Schmidt",
      "jersey_number": 4,
      "pass_number": 317964,
      "sex": 2,
      "year_of_birth": 1998
    }
  },
  {
    "model": "passcheck.playerlist",
    "pk": 209,
    "fields": {
      "team": 15,
      "first_name": "Lisa",
      "last_name": "Hofmann",
      "jersey_number": 22,
      "pass_number": 498731,
      "sex": 1,
      "year_of_birth": 1983
    }
  },
  {
    "model": "passcheck.playerlist",
    "pk": 210,
    "fields": {
      "team": 15,
      "first_name": "Felix",
      "last_name": "Weber",
      "jersey_number": 13,
      "pass_number": 729846,
      "sex": 2,
      "year_of_birth": 1989
    }
  },
  {
    "model": "passcheck.playerlist",
    "pk": 211,
    "fields": {
      "team": 15,
      "first_name": "Sophie",
      "last_name": "Schulz",
      "jersey_number": 20,
      "pass_number": 531789,
      "sex": 1,
      "year_of_birth": 1996
    }
  },
  {
    "model": "passcheck.playerlist",
    "pk": 212,
    "fields": {
      "team": 15,
      "first_name": "Tom",
      "last_name": "Lehmann",
      "jersey_number": 51,
      "pass_number": 964217,
      "sex": 2,
      "year_of_birth": 1981
    }
  },
  {
    "model": "passcheck.playerlist",
    "pk": 213,
    "fields": {
      "team": 14,
      "first_name": "Sophia",
      "last_name": "Schneider",
      "jersey_number": 17,
      "pass_number": 281934,
      "sex": 1,
      "year_of_birth": 1989
    }
  },
  {
    "model": "passcheck.playerlist",
    "pk": 214,
    "fields": {
      "team": 14,
      "first_name": "Erik",
      "last_name": "Müller",
      "jersey_number": 22,
      "pass_number": 891472,
      "sex": 2,
      "year_of_birth": 1993
    }
  },
  {
    "model": "passcheck.playerlist",
    "pk": 215,
    "fields": {
      "team": 14,
      "first_name": "Anna",
      "last_name": "Schmidt",
      "jersey_number": 11,
      "pass_number": 546781,
      "sex": 1,
      "year_of_birth": 1997
    }
  },
  {
    "model": "passcheck.playerlist",
    "pk": 216,
    "fields": {
      "team": 14,
      "first_name": "Paul",
      "last_name": "Wagner",
      "jersey_number": 6,
      "pass_number": 217985,
      "sex": 2,
      "year_of_birth": 1987
    }
  },
  {
    "model": "passcheck.playerlist",
    "pk": 217,
    "fields": {
      "team": 14,
      "first_name": "Julia",
      "last_name": "Becker",
      "jersey_number": 18,
      "pass_number": 679321,
      "sex": 1,
      "year_of_birth": 1981
    }
  },
  {
    "model": "passcheck.playerlist",
    "pk": 218,
    "fields": {
      "team": 14,
      "first_name": "Felix",
      "last_name": "Klein",
      "jersey_number": 9,
      "pass_number": 893142,
      "sex": 2,
      "year_of_birth": 1995
    }
  },
  {
    "model": "passcheck.playerlist",
    "pk": 219,
    "fields": {
      "team": 14,
      "first_name": "Laura",
      "last_name": "Schulz",
      "jersey_number": 27,
      "pass_number": 431297,
      "sex": 1,
      "year_of_birth": 1990
    }
  },
  {
    "model": "passcheck.playerlist",
    "pk": 220,
    "fields": {
      "team": 14,
      "first_name": "Max",
      "last_name": "Meier",
      "jersey_number": 19,
      "pass_number": 865721,
      "sex": 2,
      "year_of_birth": 1986
    }
  },
  {
    "model": "passcheck.playerlist",
    "pk": 221,
    "fields": {
      "team": 14,
      "first_name": "Mia",
      "last_name": "Fischer",
      "jersey_number": 33,
      "pass_number": 917248,
      "sex": 1,
      "year_of_birth": 1999
    }
  },
  {
    "model": "passcheck.playerlist",
    "pk": 222,
    "fields": {
      "team": 14,
      "first_name": "Leon",
      "last_name": "Schmidt",
      "jersey_number": 4,
      "pass_number": 321978,
      "sex": 2,
      "year_of_birth": 1978
    }
  },
  {
    "model": "passcheck.playerlist",
    "pk": 223,
    "fields": {
      "team": 14,
      "first_name": "Sophie",
      "last_name": "Weber",
      "jersey_number": 16,
      "pass_number": 798432,
      "sex": 1,
      "year_of_birth": 1984
    }
  },
  {
    "model": "passcheck.playerlist",
    "pk": 225,
    "fields": {
      "team": 14,
      "first_name": "Tom",
      "last_name": "Schneider",
      "jersey_number": 2,
      "pass_number": 546780,
      "sex": 2,
      "year_of_birth": 1994
    }
  },
  {
    "model": "passcheck.playerlist",
    "pk": 227,
    "fields": {
      "team": 14,
      "first_name": "Mia",
      "last_name": "Becker",
      "jersey_number": 15,
      "pass_number": 891072,
      "sex": 1,
      "year_of_birth": 1988
    }
  },
  {
    "model": "passcheck.playerlist",
    "pk": 232,
    "fields": {
      "team": 14,
      "first_name": "Jan",
      "last_name": "Schwarz",
      "jersey_number": 91,
      "pass_number": 177635,
      "sex": 2,
      "year_of_birth": 1992
    }
  },
  {
    "model": "passcheck.playerlist",
    "pk": 233,
    "fields": {
      "team": 13,
      "first_name": "Tom",
      "last_name": "Schneider",
      "jersey_number": 2,
      "pass_number": 881923,
      "sex": 2,
      "year_of_birth": 2015
    }
  },
  {
    "model": "passcheck.playerlist",
    "pk": 234,
    "fields": {
      "team": 13,
      "first_name": "Mia",
      "last_name": "Becker",
      "jersey_number": 15,
      "pass_number": 605634,
      "sex": 1,
      "year_of_birth": 1988
    }
  },
  {
    "model": "passcheck.playerlist",
    "pk": 235,
    "fields": {
      "team": 13,
      "first_name": "Jan",
      "last_name": "Schwarz",
      "jersey_number": 19,
      "pass_number": 499950,
      "sex": 2,
      "year_of_birth": 1992
    }
  },
  {
    "model": "passcheck.playerlist",
    "pk": 236,
    "fields": {
      "team": 13,
      "first_name": "Lena",
      "last_name": "Wagner",
      "jersey_number": 8,
      "pass_number": 787560,
      "sex": 1,
      "year_of_birth": 1997
    }
  },
  {
    "model": "passcheck.playerlist",
    "pk": 237,
    "fields": {
      "team": 13,
      "first_name": "Tim",
      "last_name": "Müller",
      "jersey_number": 21,
      "pass_number": 143972,
      "sex": 2,
      "year_of_birth": 1981
    }
  },
  {
    "model": "passcheck.playerlist",
    "pk": 238,
    "fields": {
      "team": 13,
      "first_name": "Laura",
      "last_name": "Klein",
      "jersey_number": 27,
      "pass_number": 519827,
      "sex": 1,
      "year_of_birth": 1986
    }
  },
  {
    "model": "passcheck.playerlist",
    "pk": 239,
    "fields": {
      "team": 13,
      "first_name": "Felix",
      "last_name": "Schulz",
      "jersey_number": 33,
      "pass_number": 692174,
      "sex": 2,
      "year_of_birth": 1995
    }
  },
  {
    "model": "passcheck.playerlist",
    "pk": 240,
    "fields": {
      "team": 13,
      "first_name": "Sophia",
      "last_name": "Hofmann",
      "jersey_number": 16,
      "pass_number": 824319,
      "sex": 1,
      "year_of_birth": 1983
    }
  },
  {
    "model": "passcheck.playerlist",
    "pk": 241,
    "fields": {
      "team": 13,
      "first_name": "David",
      "last_name": "Weber",
      "jersey_number": 10,
      "pass_number": 413789,
      "sex": 2,
      "year_of_birth": 1991
    }
  },
  {
    "model": "passcheck.playerlist",
    "pk": 242,
    "fields": {
      "team": 13,
      "first_name": "Emma",
      "last_name": "Schmidt",
      "jersey_number": 5,
      "pass_number": 731984,
      "sex": 1,
      "year_of_birth": 1998
    }
  },
  {
    "model": "passcheck.playerlist",
    "pk": 243,
    "fields": {
      "team": 13,
      "first_name": "Max",
      "last_name": "Fischer",
      "jersey_number": 18,
      "pass_number": 297814,
      "sex": 2,
      "year_of_birth": 1979
    }
  },
  {
    "model": "passcheck.playerlist",
    "pk": 244,
    "fields": {
      "team": 13,
      "first_name": "Lisa",
      "last_name": "Schulz",
      "jersey_number": 25,
      "pass_number": 461987,
      "sex": 1,
      "year_of_birth": 1990
    }
  },
  {
    "model": "passcheck.playerlist",
    "pk": 245,
    "fields": {
      "team": 13,
      "first_name": "Sophie",
      "last_name": "Meier",
      "jersey_number": 14,
      "pass_number": 983217,
      "sex": 2,
      "year_of_birth": 1985
    }
  },
  {
    "model": "passcheck.playerlist",
    "pk": 246,
    "fields": {
      "team": 13,
      "first_name": "Jonas",
      "last_name": "Lehmann",
      "jersey_number": 26,
      "pass_number": 719843,
      "sex": 2,
      "year_of_birth": 1995
    }
  },
  {
    "model": "passcheck.playerlist",
    "pk": 247,
    "fields": {
      "team": 13,
      "first_name": "Nina",
      "last_name": "Schneider",
      "jersey_number": 37,
      "pass_number": 128479,
      "sex": 1,
      "year_of_birth": 1984
    }
  },
  {
    "model": "passcheck.playerlist",
    "pk": 248,
    "fields": {
      "team": 13,
      "first_name": "Erik",
      "last_name": "Wagner",
      "jersey_number": 43,
      "pass_number": 419287,
      "sex": 2,
      "year_of_birth": 1989
    }
  },
  {
    "model": "passcheck.playerlist",
    "pk": 249,
    "fields": {
      "team": 13,
      "first_name": "Paul",
      "last_name": "Schulz",
      "jersey_number": 29,
      "pass_number": 781942,
      "sex": 1,
      "year_of_birth": 1996
    }
  },
  {
    "model": "passcheck.playerlist",
    "pk": 250,
    "fields": {
      "team": 16,
      "first_name": "Sophia",
      "last_name": "Schneider",
      "jersey_number": 17,
      "pass_number": 678914,
      "sex": 1,
      "year_of_birth": 1989
    }
  },
  {
    "model": "passcheck.playerlist",
    "pk": 251,
    "fields": {
      "team": 16,
      "first_name": "Erik",
      "last_name": "Müller",
      "jersey_number": 22,
      "pass_number": 421798,
      "sex": 2,
      "year_of_birth": 1993
    }
  },
  {
    "model": "passcheck.playerlist",
    "pk": 252,
    "fields": {
      "team": 16,
      "first_name": "Anna",
      "last_name": "Schmidt",
      "jersey_number": 11,
      "pass_number": 893217,
      "sex": 1,
      "year_of_birth": 1997
    }
  },
  {
    "model": "passcheck.playerlist",
    "pk": 253,
    "fields": {
      "team": 16,
      "first_name": "Paul",
      "last_name": "Wagner",
      "jersey_number": 6,
      "pass_number": 317984,
      "sex": 2,
      "year_of_birth": 1987
    }
  },
  {
    "model": "passcheck.playerlist",
    "pk": 254,
    "fields": {
      "team": 16,
      "first_name": "Julia",
      "last_name": "Becker",
      "jersey_number": 18,
      "pass_number": 942178,
      "sex": 1,
      "year_of_birth": 1981
    }
  },
  {
    "model": "passcheck.playerlist",
    "pk": 255,
    "fields": {
      "team": 16,
      "first_name": "Felix",
      "last_name": "Klein",
      "jersey_number": 9,
      "pass_number": 378149,
      "sex": 2,
      "year_of_birth": 1995
    }
  },
  {
    "model": "passcheck.playerlist",
    "pk": 256,
    "fields": {
      "team": 16,
      "first_name": "Laura",
      "last_name": "Schulz",
      "jersey_number": 27,
      "pass_number": 421987,
      "sex": 1,
      "year_of_birth": 1990
    }
  },
  {
    "model": "passcheck.playerlist",
    "pk": 257,
    "fields": {
      "team": 16,
      "first_name": "Max",
      "last_name": "Meier",
      "jersey_number": 19,
      "pass_number": 217894,
      "sex": 2,
      "year_of_birth": 1986
    }
  },
  {
    "model": "passcheck.playerlist",
    "pk": 258,
    "fields": {
      "team": 16,
      "first_name": "Mia",
      "last_name": "Fischer",
      "jersey_number": 33,
      "pass_number": 987216,
      "sex": 1,
      "year_of_birth": 1999
    }
  },
  {
    "model": "passcheck.playerlist",
    "pk": 259,
    "fields": {
      "team": 16,
      "first_name": "Leon",
      "last_name": "Schmidt",
      "jersey_number": 4,
      "pass_number": 178943,
      "sex": 2,
      "year_of_birth": 1978
    }
  },
  {
    "model": "passcheck.playerlist",
    "pk": 260,
    "fields": {
      "team": 16,
      "first_name": "Sophie",
      "last_name": "Weber",
      "jersey_number": 16,
      "pass_number": 789432,
      "sex": 1,
      "year_of_birth": 1984
    }
  },
  {
    "model": "passcheck.playerlist",
    "pk": 261,
    "fields": {
      "team": 16,
      "first_name": "Tom",
      "last_name": "Schneider",
      "jersey_number": 2,
      "pass_number": 123789,
      "sex": 2,
      "year_of_birth": 1994
    }
  },
  {
    "model": "passcheck.playerlist",
    "pk": 262,
    "fields": {
      "team": 16,
      "first_name": "Mia",
      "last_name": "Becker",
      "jersey_number": 15,
      "pass_number": 872913,
      "sex": 1,
      "year_of_birth": 1988
    }
  },
  {
    "model": "passcheck.playerlist",
    "pk": 268,
    "fields": {
      "team": 16,
      "first_name": "Jan",
      "last_name": "Schwarz",
      "jersey_number": 1,
      "pass_number": 109050,
      "sex": 2,
      "year_of_birth": 1992
    }
  },
  {
    "model": "passcheck.playerlist",
    "pk": 269,
    "fields": {
      "team": 16,
      "first_name": "Emma",
      "last_name": "Wagner",
      "jersey_number": 5,
      "pass_number": 251955,
      "sex": 1,
      "year_of_birth": 1998
    }
  },
  {
    "model": "passcheck.playerlist",
    "pk": 270,
    "fields": {
      "team": 16,
      "first_name": "David",
      "last_name": "Müller",
      "jersey_number": 8,
      "pass_number": 425165,
      "sex": 2,
      "year_of_birth": 1985
    }
  },
  {
    "model": "passcheck.playerlist",
    "pk": 271,
    "fields": {
      "team": 16,
      "first_name": "Nina",
      "last_name": "Schulz",
      "jersey_number": 14,
      "pass_number": 481237,
      "sex": 1,
      "year_of_birth": 1983
    }
  },
  {
    "model": "passcheck.playerlist",
    "pk": 272,
    "fields": {
      "team": 16,
      "first_name": "Erik",
      "last_name": "Weber",
      "jersey_number": 23,
      "pass_number": 925008,
      "sex": 2,
      "year_of_birth": 1989
    }
  },
  {
    "model": "passcheck.playerlist",
    "pk": 273,
    "fields": {
      "team": 16,
      "first_name": "Lena",
      "last_name": "Hofmann",
      "jersey_number": 29,
      "pass_number": 217681,
      "sex": 1,
      "year_of_birth": 1996
    }
  },
  {
    "model": "passcheck.playerlist",
    "pk": 274,
    "fields": {
      "team": 16,
      "first_name": "Jonas",
      "last_name": "Schneider",
      "jersey_number": 36,
      "pass_number": 752277,
      "sex": 2,
      "year_of_birth": 1984
    }
  },
  {
    "model": "passcheck.playerlist",
    "pk": 275,
    "fields": {
      "team": 16,
      "first_name": "Sophia",
      "last_name": "Becker",
      "jersey_number": 37,
      "pass_number": 173216,
      "sex": 1,
      "year_of_birth": 1994
    }
  },
  {
    "model": "passcheck.playerlist",
    "pk": 277,
    "fields": {
      "team": 16,
      "first_name": "Erik",
      "last_name": "Schwarz",
      "jersey_number": 81,
      "pass_number": 287504,
      "sex": 2,
      "year_of_birth": 1988
    }
  },
  {
    "model": "passcheck.playerlist",
    "pk": 281,
    "fields": {
      "team": 16,
      "first_name": "Mia",
      "last_name": "Wagner",
      "jersey_number": 92,
      "pass_number": 393978,
      "sex": 1,
      "year_of_birth": 1992
    }
  },
  {
    "model": "passcheck.playerlist",
    "pk": 282,
    "fields": {
      "team": 16,
      "first_name": "Paul",
      "last_name": "Lehmann",
      "jersey_number": 39,
      "pass_number": 827461,
      "sex": 2,
      "year_of_birth": 1998
    }
  },
  {
    "model": "passcheck.playerlist",
    "pk": 283,
    "fields": {
      "team": 16,
      "first_name": "Lena",
      "last_name": "Schmidt",
      "jersey_number": 40,
      "pass_number": 697807,
      "sex": 1,
      "year_of_birth": 1985
    }
  },
  {
    "model": "passcheck.playerlist",
    "pk": 284,
    "fields": {
      "team": 16,
      "first_name": "Tom",
      "last_name": "Fischer",
      "jersey_number": 49,
      "pass_number": 794629,
      "sex": 2,
      "year_of_birth": 1983
    }
  },
  {
    "model": "passcheck.playerlist",
    "pk": 285,
    "fields": {
      "team": 16,
      "first_name": "Laura",
      "last_name": "Schulz",
      "jersey_number": 41,
      "pass_number": 190698,
      "sex": 1,
      "year_of_birth": 1989
    }
  },
  {
    "model": "passcheck.playerlist",
    "pk": 286,
    "fields": {
      "team": 16,
      "first_name": "Max",
      "last_name": "Meyer",
      "jersey_number": 38,
      "pass_number": 117282,
      "sex": 2,
      "year_of_birth": 1996
    }
  },
  {
    "model": "passcheck.playerlist",
    "pk": 287,
    "fields": {
      "team": 16,
      "first_name": "Sophie",
      "last_name": "Klein",
      "jersey_number": 46,
      "pass_number": 428818,
      "sex": 1,
      "year_of_birth": 1984
    }
  },
  {
    "model": "passcheck.playerlist",
    "pk": 288,
    "fields": {
      "team": 16,
      "first_name": "Felix",
      "last_name": "Schulz",
      "jersey_number": 47,
      "pass_number": 567833,
      "sex": 2,
      "year_of_birth": 1994
    }
  },
  {
    "model": "passcheck.playerlist",
    "pk": 289,
    "fields": {
      "team": 16,
      "first_name": "Sophia",
      "last_name": "Hofmann",
      "jersey_number": 48,
      "pass_number": 526199,
      "sex": 1,
      "year_of_birth": 1988
    }
  },
  {
    "model": "passcheck.playerlist",
    "pk": 290,
    "fields": {
      "team": 17,
      "first_name": "Sophia",
      "last_name": "Schneider",
      "jersey_number": 17,
      "pass_number": 174008,
      "sex": 1,
      "year_of_birth": 1989
    }
  },
  {
    "model": "passcheck.playerlist",
    "pk": 291,
    "fields": {
      "team": 17,
      "first_name": "Erik",
      "last_name": "Müller",
      "jersey_number": 22,
      "pass_number": 966416,
      "sex": 2,
      "year_of_birth": 1993
    }
  },
  {
    "model": "passcheck.playerlist",
    "pk": 292,
    "fields": {
      "team": 17,
      "first_name": "Anna",
      "last_name": "Schmidt",
      "jersey_number": 11,
      "pass_number": 875009,
      "sex": 1,
      "year_of_birth": 1997
    }
  },
  {
    "model": "passcheck.playerlist",
    "pk": 293,
    "fields": {
      "team": 17,
      "first_name": "Paul",
      "last_name": "Wagner",
      "jersey_number": 6,
      "pass_number": 492350,
      "sex": 2,
      "year_of_birth": 1987
    }
  },
  {
    "model": "passcheck.playerlist",
    "pk": 294,
    "fields": {
      "team": 17,
      "first_name": "Julia",
      "last_name": "Becker",
      "jersey_number": 18,
      "pass_number": 914049,
      "sex": 1,
      "year_of_birth": 1981
    }
  },
  {
    "model": "passcheck.playerlist",
    "pk": 295,
    "fields": {
      "team": 17,
      "first_name": "Felix",
      "last_name": "Klein",
      "jersey_number": 9,
      "pass_number": 873988,
      "sex": 2,
      "year_of_birth": 1995
    }
  },
  {
    "model": "passcheck.playerlist",
    "pk": 296,
    "fields": {
      "team": 17,
      "first_name": "Laura",
      "last_name": "Schulz",
      "jersey_number": 27,
      "pass_number": 987321,
      "sex": 1,
      "year_of_birth": 1990
    }
  },
  {
    "model": "passcheck.playerlist",
    "pk": 297,
    "fields": {
      "team": 17,
      "first_name": "Max",
      "last_name": "Meier",
      "jersey_number": 19,
      "pass_number": 214789,
      "sex": 2,
      "year_of_birth": 1986
    }
  },
  {
    "model": "passcheck.playerlist",
    "pk": 298,
    "fields": {
      "team": 17,
      "first_name": "Mia",
      "last_name": "Fischer",
      "jersey_number": 33,
      "pass_number": 678912,
      "sex": 1,
      "year_of_birth": 1999
    }
  },
  {
    "model": "passcheck.playerlistgameday",
    "pk": 1,
    "fields": {
      "playerlist": 8,
      "gameday": 3,
      "gameday_jersey": 10
    }
  },
  {
    "model": "passcheck.playerlistgameday",
    "pk": 2,
    "fields": {
      "playerlist": 3,
      "gameday": 3,
      "gameday_jersey": 12
    }
  },
  {
    "model": "passcheck.playerlistgameday",
    "pk": 3,
    "fields": {
      "playerlist": 10,
      "gameday": 3,
      "gameday_jersey": 14
    }
  },
  {
    "model": "passcheck.playerlistgameday",
    "pk": 4,
    "fields": {
      "playerlist": 9,
      "gameday": 3,
      "gameday_jersey": 19
    }
  },
  {
    "model": "passcheck.playerlistgameday",
    "pk": 5,
    "fields": {
      "playerlist": 1,
      "gameday": 3,
      "gameday_jersey": 23
    }
  },
  {
    "model": "passcheck.playerlistgameday",
    "pk": 6,
    "fields": {
      "playerlist": 6,
      "gameday": 3,
      "gameday_jersey": 32
    }
  },
  {
    "model": "passcheck.playerlistgameday",
    "pk": 7,
    "fields": {
      "playerlist": 2,
      "gameday": 3,
      "gameday_jersey": 45
    }
  },
  {
    "model": "passcheck.playerlistgameday",
    "pk": 8,
    "fields": {
      "playerlist": 7,
      "gameday": 3,
      "gameday_jersey": 56
    }
  },
  {
    "model": "passcheck.playerlistgameday",
    "pk": 9,
    "fields": {
      "playerlist": 5,
      "gameday": 3,
      "gameday_jersey": 77
    }
  },
  {
    "model": "passcheck.playerlistgameday",
    "pk": 10,
    "fields": {
      "playerlist": 41,
      "gameday": 3,
      "gameday_jersey": 4
    }
  },
  {
    "model": "passcheck.playerlistgameday",
    "pk": 11,
    "fields": {
      "playerlist": 39,
      "gameday": 3,
      "gameday_jersey": 8
    }
  },
  {
    "model": "passcheck.playerlistgameday",
    "pk": 12,
    "fields": {
      "playerlist": 37,
      "gameday": 3,
      "gameday_jersey": 10
    }
  },
  {
    "model": "passcheck.playerlistgameday",
    "pk": 13,
    "fields": {
      "playerlist": 40,
      "gameday": 3,
      "gameday_jersey": 15
    }
  },
  {
    "model": "passcheck.playerlistgameday",
    "pk": 16,
    "fields": {
      "playerlist": 15,
      "gameday": 3,
      "gameday_jersey": 11
    }
  },
  {
    "model": "passcheck.playerlistgameday",
    "pk": 17,
    "fields": {
      "playerlist": 30,
      "gameday": 3,
      "gameday_jersey": 14
    }
  },
  {
    "model": "passcheck.playerlistgameday",
    "pk": 18,
    "fields": {
      "playerlist": 19,
      "gameday": 3,
      "gameday_jersey": 17
    }
  },
  {
    "model": "passcheck.playerlistgameday",
    "pk": 19,
    "fields": {
      "playerlist": 26,
      "gameday": 3,
      "gameday_jersey": 19
    }
  },
  {
    "model": "passcheck.playerlistgameday",
    "pk": 20,
    "fields": {
      "playerlist": 28,
      "gameday": 3,
      "gameday_jersey": 21
    }
  },
  {
    "model": "passcheck.playerlistgameday",
    "pk": 21,
    "fields": {
      "playerlist": 14,
      "gameday": 3,
      "gameday_jersey": 23
    }
  },
  {
    "model": "passcheck.playerlistgameday",
    "pk": 22,
    "fields": {
      "playerlist": 34,
      "gameday": 3,
      "gameday_jersey": 26
    }
  },
  {
    "model": "passcheck.playerlistgameday",
    "pk": 23,
    "fields": {
      "playerlist": 20,
      "gameday": 3,
      "gameday_jersey": 29
    }
  },
  {
    "model": "passcheck.playerlistgameday",
    "pk": 24,
    "fields": {
      "playerlist": 25,
      "gameday": 3,
      "gameday_jersey": 33
    }
  },
  {
    "model": "passcheck.playerlistgameday",
    "pk": 25,
    "fields": {
      "playerlist": 17,
      "gameday": 3,
      "gameday_jersey": 35
    }
  },
  {
    "model": "passcheck.playerlistgameday",
    "pk": 26,
    "fields": {
      "playerlist": 168,
      "gameday": 3,
      "gameday_jersey": 5
    }
  },
  {
    "model": "passcheck.playerlistgameday",
    "pk": 27,
    "fields": {
      "playerlist": 165,
      "gameday": 3,
      "gameday_jersey": 7
    }
  },
  {
    "model": "passcheck.playerlistgameday",
    "pk": 28,
    "fields": {
      "playerlist": 173,
      "gameday": 3,
      "gameday_jersey": 8
    }
  },
  {
    "model": "passcheck.playerlistgameday",
    "pk": 29,
    "fields": {
      "playerlist": 176,
      "gameday": 3,
      "gameday_jersey": 10
    }
  },
  {
    "model": "passcheck.playerlistgameday",
    "pk": 30,
    "fields": {
      "playerlist": 169,
      "gameday": 3,
      "gameday_jersey": 11
    }
  },
  {
    "model": "passcheck.playerlistgameday",
    "pk": 31,
    "fields": {
      "playerlist": 166,
      "gameday": 3,
      "gameday_jersey": 14
    }
  },
  {
    "model": "passcheck.playerlistgameday",
    "pk": 32,
    "fields": {
      "playerlist": 175,
      "gameday": 3,
      "gameday_jersey": 16
    }
  },
  {
    "model": "passcheck.playerlistgameday",
    "pk": 33,
    "fields": {
      "playerlist": 172,
      "gameday": 3,
      "gameday_jersey": 17
    }
  },
  {
    "model": "passcheck.playerlistgameday",
    "pk": 34,
    "fields": {
      "playerlist": 180,
      "gameday": 3,
      "gameday_jersey": 6
    }
  },
  {
    "model": "passcheck.playerlistgameday",
    "pk": 35,
    "fields": {
      "playerlist": 182,
      "gameday": 3,
      "gameday_jersey": 9
    }
  },
  {
    "model": "passcheck.playerlistgameday",
    "pk": 36,
    "fields": {
      "playerlist": 179,
      "gameday": 3,
      "gameday_jersey": 11
    }
  },
  {
    "model": "passcheck.playerlistgameday",
    "pk": 37,
    "fields": {
      "playerlist": 177,
      "gameday": 3,
      "gameday_jersey": 14
    }
  },
  {
    "model": "passcheck.playerlistgameday",
    "pk": 38,
    "fields": {
      "playerlist": 187,
      "gameday": 3,
      "gameday_jersey": 16
    }
  },
  {
    "model": "passcheck.playerlistgameday",
    "pk": 39,
    "fields": {
      "playerlist": 181,
      "gameday": 3,
      "gameday_jersey": 18
    }
  },
  {
    "model": "passcheck.playerlistgameday",
    "pk": 40,
    "fields": {
      "playerlist": 184,
      "gameday": 3,
      "gameday_jersey": 19
    }
  },
  {
    "model": "passcheck.playerlistgameday",
    "pk": 41,
    "fields": {
      "playerlist": 178,
      "gameday": 3,
      "gameday_jersey": 22
    }
  },
  {
    "model": "passcheck.playerlistgameday",
    "pk": 42,
    "fields": {
      "playerlist": 183,
      "gameday": 3,
      "gameday_jersey": 27
    }
  },
  {
    "model": "passcheck.playerlistgameday",
    "pk": 43,
    "fields": {
      "playerlist": 185,
      "gameday": 3,
      "gameday_jersey": 33
    }
  },
  {
    "model": "passcheck.playerlistgameday",
    "pk": 44,
    "fields": {
      "playerlist": 157,
      "gameday": 3,
      "gameday_jersey": 4
    }
  },
  {
    "model": "passcheck.playerlistgameday",
    "pk": 45,
    "fields": {
      "playerlist": 155,
      "gameday": 3,
      "gameday_jersey": 8
    }
  },
  {
    "model": "passcheck.playerlistgameday",
    "pk": 46,
    "fields": {
      "playerlist": 153,
      "gameday": 3,
      "gameday_jersey": 10
    }
  },
  {
    "model": "passcheck.playerlistgameday",
    "pk": 47,
    "fields": {
      "playerlist": 163,
      "gameday": 3,
      "gameday_jersey": 16
    }
  },
  {
    "model": "passcheck.playerlistgameday",
    "pk": 48,
    "fields": {
      "playerlist": 159,
      "gameday": 3,
      "gameday_jersey": 19
    }
  },
  {
    "model": "passcheck.playerlistgameday",
    "pk": 49,
    "fields": {
      "playerlist": 162,
      "gameday": 3,
      "gameday_jersey": 22
    }
  },
  {
    "model": "passcheck.playerlistgameday",
    "pk": 50,
    "fields": {
      "playerlist": 158,
      "gameday": 3,
      "gameday_jersey": 29
    }
  },
  {
    "model": "passcheck.playerlistgameday",
    "pk": 51,
    "fields": {
      "playerlist": 160,
      "gameday": 3,
      "gameday_jersey": 30
    }
  },
  {
    "model": "passcheck.playerlistgameday",
    "pk": 52,
    "fields": {
      "playerlist": 188,
      "gameday": 3,
      "gameday_jersey": 2
    }
  },
  {
    "model": "passcheck.playerlistgameday",
    "pk": 53,
    "fields": {
      "playerlist": 197,
      "gameday": 3,
      "gameday_jersey": 5
    }
  },
  {
    "model": "passcheck.playerlistgameday",
    "pk": 54,
    "fields": {
      "playerlist": 191,
      "gameday": 3,
      "gameday_jersey": 8
    }
  },
  {
    "model": "passcheck.playerlistgameday",
    "pk": 55,
    "fields": {
      "playerlist": 196,
      "gameday": 3,
      "gameday_jersey": 10
    }
  },
  {
    "model": "passcheck.playerlistgameday",
    "pk": 56,
    "fields": {
      "playerlist": 189,
      "gameday": 3,
      "gameday_jersey": 15
    }
  },
  {
    "model": "passcheck.playerlistgameday",
    "pk": 57,
    "fields": {
      "playerlist": 195,
      "gameday": 3,
      "gameday_jersey": 16
    }
  },
  {
    "model": "passcheck.playerlistgameday",
    "pk": 58,
    "fields": {
      "playerlist": 192,
      "gameday": 3,
      "gameday_jersey": 21
    }
  },
  {
    "model": "passcheck.playerlistgameday",
    "pk": 59,
    "fields": {
      "playerlist": 199,
      "gameday": 3,
      "gameday_jersey": 25
    }
  },
  {
    "model": "passcheck.playerlistgameday",
    "pk": 60,
    "fields": {
      "playerlist": 193,
      "gameday": 3,
      "gameday_jersey": 27
    }
  },
  {
    "model": "passcheck.playerlistgameday",
    "pk": 61,
    "fields": {
      "playerlist": 194,
      "gameday": 3,
      "gameday_jersey": 33
    }
  },
  {
    "model": "passcheck.playerlistgameday",
    "pk": 62,
    "fields": {
      "playerlist": 8,
      "gameday": 4,
      "gameday_jersey": 10
    }
  },
  {
    "model": "passcheck.playerlistgameday",
    "pk": 63,
    "fields": {
      "playerlist": 3,
      "gameday": 4,
      "gameday_jersey": 12
    }
  },
  {
    "model": "passcheck.playerlistgameday",
    "pk": 64,
    "fields": {
      "playerlist": 10,
      "gameday": 4,
      "gameday_jersey": 14
    }
  },
  {
    "model": "passcheck.playerlistgameday",
    "pk": 65,
    "fields": {
      "playerlist": 9,
      "gameday": 4,
      "gameday_jersey": 19
    }
  },
  {
    "model": "passcheck.playerlistgameday",
    "pk": 66,
    "fields": {
      "playerlist": 1,
      "gameday": 4,
      "gameday_jersey": 23
    }
  },
  {
    "model": "passcheck.playerlistgameday",
    "pk": 67,
    "fields": {
      "playerlist": 6,
      "gameday": 4,
      "gameday_jersey": 32
    }
  },
  {
    "model": "passcheck.playerlistgameday",
    "pk": 68,
    "fields": {
      "playerlist": 2,
      "gameday": 4,
      "gameday_jersey": 45
    }
  },
  {
    "model": "passcheck.playerlistgameday",
    "pk": 69,
    "fields": {
      "playerlist": 7,
      "gameday": 4,
      "gameday_jersey": 56
    }
  },
  {
    "model": "passcheck.playerlistgameday",
    "pk": 70,
    "fields": {
      "playerlist": 5,
      "gameday": 4,
      "gameday_jersey": 77
    }
  },
  {
    "model": "passcheck.playerlistgameday",
    "pk": 71,
    "fields": {
      "playerlist": 4,
      "gameday": 4,
      "gameday_jersey": 88
    }
  },
  {
    "model": "passcheck.playerlistgameday",
    "pk": 72,
    "fields": {
      "playerlist": 8,
      "gameday": 5,
      "gameday_jersey": 10
    }
  },
  {
    "model": "passcheck.playerlistgameday",
    "pk": 73,
    "fields": {
      "playerlist": 3,
      "gameday": 5,
      "gameday_jersey": 12
    }
  },
  {
    "model": "passcheck.playerlistgameday",
    "pk": 74,
    "fields": {
      "playerlist": 10,
      "gameday": 5,
      "gameday_jersey": 14
    }
  },
  {
    "model": "passcheck.playerlistgameday",
    "pk": 75,
    "fields": {
      "playerlist": 9,
      "gameday": 5,
      "gameday_jersey": 19
    }
  },
  {
    "model": "passcheck.playerlistgameday",
    "pk": 76,
    "fields": {
      "playerlist": 1,
      "gameday": 5,
      "gameday_jersey": 23
    }
  },
  {
    "model": "passcheck.playerlistgameday",
    "pk": 77,
    "fields": {
      "playerlist": 6,
      "gameday": 5,
      "gameday_jersey": 32
    }
  },
  {
    "model": "passcheck.playerlistgameday",
    "pk": 78,
    "fields": {
      "playerlist": 2,
      "gameday": 5,
      "gameday_jersey": 45
    }
  },
  {
    "model": "passcheck.playerlistgameday",
    "pk": 79,
    "fields": {
      "playerlist": 7,
      "gameday": 5,
      "gameday_jersey": 56
    }
  },
  {
    "model": "passcheck.playerlistgameday",
    "pk": 80,
    "fields": {
      "playerlist": 5,
      "gameday": 5,
      "gameday_jersey": 77
    }
  },
  {
    "model": "passcheck.playerlistgameday",
    "pk": 81,
    "fields": {
      "playerlist": 4,
      "gameday": 5,
      "gameday_jersey": 88
    }
  },
  {
    "model": "passcheck.playerlistgameday",
    "pk": 82,
    "fields": {
      "playerlist": 8,
      "gameday": 6,
      "gameday_jersey": 10
    }
  },
  {
    "model": "passcheck.playerlistgameday",
    "pk": 83,
    "fields": {
      "playerlist": 3,
      "gameday": 6,
      "gameday_jersey": 12
    }
  },
  {
    "model": "passcheck.playerlistgameday",
    "pk": 84,
    "fields": {
      "playerlist": 10,
      "gameday": 6,
      "gameday_jersey": 14
    }
  },
  {
    "model": "passcheck.playerlistgameday",
    "pk": 85,
    "fields": {
      "playerlist": 9,
      "gameday": 6,
      "gameday_jersey": 19
    }
  },
  {
    "model": "passcheck.playerlistgameday",
    "pk": 86,
    "fields": {
      "playerlist": 1,
      "gameday": 6,
      "gameday_jersey": 23
    }
  },
  {
    "model": "passcheck.playerlistgameday",
    "pk": 87,
    "fields": {
      "playerlist": 6,
      "gameday": 6,
      "gameday_jersey": 32
    }
  },
  {
    "model": "passcheck.playerlistgameday",
    "pk": 88,
    "fields": {
      "playerlist": 2,
      "gameday": 6,
      "gameday_jersey": 45
    }
  },
  {
    "model": "passcheck.playerlistgameday",
    "pk": 89,
    "fields": {
      "playerlist": 7,
      "gameday": 6,
      "gameday_jersey": 56
    }
  },
  {
    "model": "passcheck.playerlistgameday",
    "pk": 90,
    "fields": {
      "playerlist": 5,
      "gameday": 6,
      "gameday_jersey": 77
    }
  },
  {
    "model": "passcheck.playerlistgameday",
    "pk": 91,
    "fields": {
      "playerlist": 4,
      "gameday": 6,
      "gameday_jersey": 88
    }
  },
  {
    "model": "passcheck.playerlistgameday",
    "pk": 92,
    "fields": {
      "playerlist": 8,
      "gameday": 7,
      "gameday_jersey": 8
    }
  },
  {
    "model": "passcheck.playerlistgameday",
    "pk": 93,
    "fields": {
      "playerlist": 3,
      "gameday": 7,
      "gameday_jersey": 3
    }
  },
  {
    "model": "passcheck.playerlistgameday",
    "pk": 94,
    "fields": {
      "playerlist": 8,
      "gameday": 8,
      "gameday_jersey": 8
    }
  },
  {
    "model": "passcheck.playerlistgameday",
    "pk": 95,
    "fields": {
      "playerlist": 3,
      "gameday": 8,
      "gameday_jersey": 3
    }
  },
  {
    "model": "passcheck.playerlistgameday",
    "pk": 96,
    "fields": {
      "playerlist": 8,
      "gameday": 9,
      "gameday_jersey": 8
    }
  },
  {
    "model": "passcheck.playerlistgameday",
    "pk": 97,
    "fields": {
      "playerlist": 3,
      "gameday": 9,
      "gameday_jersey": 3
    }
  },
  {
    "model": "passcheck.playerlistgameday",
    "pk": 98,
    "fields": {
      "playerlist": 10,
      "gameday": 10,
      "gameday_jersey": 14
    }
  },
  {
    "model": "passcheck.playerlistgameday",
    "pk": 99,
    "fields": {
      "playerlist": 10,
      "gameday": 9,
      "gameday_jersey": 14
    }
  },
  {
    "model": "passcheck.playerlistgameday",
    "pk": 100,
    "fields": {
      "playerlist": 7,
      "gameday": 11,
      "gameday_jersey": 56
    }
  },
  {
    "model": "passcheck.playerlistgameday",
    "pk": 101,
    "fields": {
      "playerlist": 7,
      "gameday": 12,
      "gameday_jersey": 56
    }
  },
  {
    "model": "passcheck.playerlistgameday",
    "pk": 102,
    "fields": {
      "playerlist": 4,
      "gameday": 12,
      "gameday_jersey": 87
    }
  },
  {
    "model": "passcheck.playerlistgameday",
    "pk": 104,
    "fields": {
      "playerlist": 4,
      "gameday": 13,
      "gameday_jersey": 87
    }
  },
  {
    "model": "passcheck.playerlistgameday",
    "pk": 105,
    "fields": {
      "playerlist": 233,
      "gameday": 11,
      "gameday_jersey": 2
    }
  },
  {
    "model": "passcheck.playerlistgameday",
    "pk": 106,
    "fields": {
      "playerlist": 242,
      "gameday": 11,
      "gameday_jersey": 5
    }
  },
  {
    "model": "passcheck.playerlistgameday",
    "pk": 107,
    "fields": {
      "playerlist": 236,
      "gameday": 11,
      "gameday_jersey": 8
    }
  },
  {
    "model": "passcheck.playerlistgameday",
    "pk": 108,
    "fields": {
      "playerlist": 241,
      "gameday": 11,
      "gameday_jersey": 10
    }
  },
  {
    "model": "passcheck.playerlistgameday",
    "pk": 109,
    "fields": {
      "playerlist": 245,
      "gameday": 11,
      "gameday_jersey": 14
    }
  },
  {
    "model": "passcheck.playerlistgameday",
    "pk": 110,
    "fields": {
      "playerlist": 234,
      "gameday": 11,
      "gameday_jersey": 15
    }
  },
  {
    "model": "passcheck.playerlistgameday",
    "pk": 111,
    "fields": {
      "playerlist": 240,
      "gameday": 11,
      "gameday_jersey": 16
    }
  },
  {
    "model": "passcheck.playerlistgameday",
    "pk": 112,
    "fields": {
      "playerlist": 243,
      "gameday": 11,
      "gameday_jersey": 18
    }
  },
  {
    "model": "passcheck.playerlistgameday",
    "pk": 113,
    "fields": {
      "playerlist": 237,
      "gameday": 11,
      "gameday_jersey": 21
    }
  },
  {
    "model": "passcheck.playerlistgameday",
    "pk": 114,
    "fields": {
      "playerlist": 244,
      "gameday": 11,
      "gameday_jersey": 25
    }
  },
  {
    "model": "passcheck.playerlistgameday",
    "pk": 115,
    "fields": {
      "playerlist": 246,
      "gameday": 11,
      "gameday_jersey": 26
    }
  },
  {
    "model": "passcheck.playerlistgameday",
    "pk": 116,
    "fields": {
      "playerlist": 247,
      "gameday": 11,
      "gameday_jersey": 37
    }
  },
  {
    "model": "passcheck.playerlistgameday",
    "pk": 117,
    "fields": {
      "playerlist": 248,
      "gameday": 11,
      "gameday_jersey": 43
    }
  },
  {
    "model": "passcheck.playerlistgameday",
    "pk": 118,
    "fields": {
      "playerlist": 233,
      "gameday": 12,
      "gameday_jersey": 2
    }
  },
  {
    "model": "passcheck.playerlistgameday",
    "pk": 119,
    "fields": {
      "playerlist": 242,
      "gameday": 12,
      "gameday_jersey": 5
    }
  },
  {
    "model": "passcheck.playerlistgameday",
    "pk": 120,
    "fields": {
      "playerlist": 236,
      "gameday": 12,
      "gameday_jersey": 8
    }
  },
  {
    "model": "passcheck.playerlistgameday",
    "pk": 121,
    "fields": {
      "playerlist": 241,
      "gameday": 12,
      "gameday_jersey": 10
    }
  },
  {
    "model": "passcheck.playerlistgameday",
    "pk": 122,
    "fields": {
      "playerlist": 245,
      "gameday": 12,
      "gameday_jersey": 14
    }
  },
  {
    "model": "passcheck.playerlistgameday",
    "pk": 123,
    "fields": {
      "playerlist": 234,
      "gameday": 12,
      "gameday_jersey": 15
    }
  },
  {
    "model": "passcheck.playerlistgameday",
    "pk": 124,
    "fields": {
      "playerlist": 240,
      "gameday": 12,
      "gameday_jersey": 16
    }
  },
  {
    "model": "passcheck.playerlistgameday",
    "pk": 125,
    "fields": {
      "playerlist": 243,
      "gameday": 12,
      "gameday_jersey": 18
    }
  },
  {
    "model": "passcheck.playerlistgameday",
    "pk": 126,
    "fields": {
      "playerlist": 237,
      "gameday": 12,
      "gameday_jersey": 21
    }
  },
  {
    "model": "passcheck.playerlistgameday",
    "pk": 127,
    "fields": {
      "playerlist": 244,
      "gameday": 12,
      "gameday_jersey": 25
    }
  },
  {
    "model": "passcheck.playerlistgameday",
    "pk": 128,
    "fields": {
      "playerlist": 246,
      "gameday": 12,
      "gameday_jersey": 26
    }
  },
  {
    "model": "passcheck.playerlistgameday",
    "pk": 129,
    "fields": {
      "playerlist": 247,
      "gameday": 12,
      "gameday_jersey": 37
    }
  },
  {
    "model": "passcheck.playerlistgameday",
    "pk": 130,
    "fields": {
      "playerlist": 248,
      "gameday": 12,
      "gameday_jersey": 43
    }
  },
  {
    "model": "passcheck.playerlistgameday",
    "pk": 131,
    "fields": {
      "playerlist": 233,
      "gameday": 13,
      "gameday_jersey": 2
    }
  },
  {
    "model": "passcheck.playerlistgameday",
    "pk": 132,
    "fields": {
      "playerlist": 242,
      "gameday": 13,
      "gameday_jersey": 5
    }
  },
  {
    "model": "passcheck.playerlistgameday",
    "pk": 133,
    "fields": {
      "playerlist": 236,
      "gameday": 13,
      "gameday_jersey": 8
    }
  },
  {
    "model": "passcheck.playerlistgameday",
    "pk": 134,
    "fields": {
      "playerlist": 241,
      "gameday": 13,
      "gameday_jersey": 10
    }
  },
  {
    "model": "passcheck.playerlistgameday",
    "pk": 135,
    "fields": {
      "playerlist": 245,
      "gameday": 13,
      "gameday_jersey": 14
    }
  },
  {
    "model": "passcheck.playerlistgameday",
    "pk": 136,
    "fields": {
      "playerlist": 234,
      "gameday": 13,
      "gameday_jersey": 15
    }
  },
  {
    "model": "passcheck.playerlistgameday",
    "pk": 137,
    "fields": {
      "playerlist": 240,
      "gameday": 13,
      "gameday_jersey": 16
    }
  },
  {
    "model": "passcheck.playerlistgameday",
    "pk": 138,
    "fields": {
      "playerlist": 243,
      "gameday": 13,
      "gameday_jersey": 18
    }
  },
  {
    "model": "passcheck.playerlistgameday",
    "pk": 139,
    "fields": {
      "playerlist": 237,
      "gameday": 13,
      "gameday_jersey": 21
    }
  },
  {
    "model": "passcheck.playerlistgameday",
    "pk": 140,
    "fields": {
      "playerlist": 244,
      "gameday": 13,
      "gameday_jersey": 25
    }
  },
  {
    "model": "passcheck.playerlistgameday",
    "pk": 141,
    "fields": {
      "playerlist": 246,
      "gameday": 13,
      "gameday_jersey": 26
    }
  },
  {
    "model": "passcheck.playerlistgameday",
    "pk": 142,
    "fields": {
      "playerlist": 247,
      "gameday": 13,
      "gameday_jersey": 37
    }
  },
  {
    "model": "passcheck.playerlistgameday",
    "pk": 143,
    "fields": {
      "playerlist": 248,
      "gameday": 13,
      "gameday_jersey": 43
    }
  },
  {
    "model": "passcheck.playerlistgameday",
    "pk": 144,
    "fields": {
      "playerlist": 233,
      "gameday": 7,
      "gameday_jersey": 2
    }
  },
  {
    "model": "passcheck.playerlistgameday",
    "pk": 145,
    "fields": {
      "playerlist": 242,
      "gameday": 7,
      "gameday_jersey": 5
    }
  },
  {
    "model": "passcheck.playerlistgameday",
    "pk": 146,
    "fields": {
      "playerlist": 241,
      "gameday": 7,
      "gameday_jersey": 10
    }
  },
  {
    "model": "passcheck.playerlistgameday",
    "pk": 147,
    "fields": {
      "playerlist": 233,
      "gameday": 8,
      "gameday_jersey": 2
    }
  },
  {
    "model": "passcheck.playerlistgameday",
    "pk": 148,
    "fields": {
      "playerlist": 242,
      "gameday": 8,
      "gameday_jersey": 5
    }
  },
  {
    "model": "passcheck.playerlistgameday",
    "pk": 149,
    "fields": {
      "playerlist": 241,
      "gameday": 8,
      "gameday_jersey": 10
    }
  },
  {
    "model": "passcheck.playerlistgameday",
    "pk": 150,
    "fields": {
      "playerlist": 233,
      "gameday": 9,
      "gameday_jersey": 2
    }
  },
  {
    "model": "passcheck.playerlistgameday",
    "pk": 151,
    "fields": {
      "playerlist": 242,
      "gameday": 9,
      "gameday_jersey": 5
    }
  },
  {
    "model": "passcheck.playerlistgameday",
    "pk": 152,
    "fields": {
      "playerlist": 241,
      "gameday": 9,
      "gameday_jersey": 10
    }
  },
  {
    "model": "passcheck.playerlistgameday",
    "pk": 153,
    "fields": {
      "playerlist": 233,
      "gameday": 10,
      "gameday_jersey": 2
    }
  },
  {
    "model": "passcheck.playerlistgameday",
    "pk": 154,
    "fields": {
      "playerlist": 242,
      "gameday": 10,
      "gameday_jersey": 5
    }
  },
  {
    "model": "passcheck.playerlistgameday",
    "pk": 155,
    "fields": {
      "playerlist": 243,
      "gameday": 10,
      "gameday_jersey": 18
    }
  },
  {
    "model": "passcheck.playerlistgameday",
    "pk": 156,
    "fields": {
      "playerlist": 243,
      "gameday": 8,
      "gameday_jersey": 18
    }
  },
  {
    "model": "passcheck.passcheckverification",
    "pk": 1,
    "fields": {
      "created_at": "2024-02-09T13:27:26.118",
      "updated_at": "2024-02-09T13:27:26.118",
      "user": 1,
      "official_name": "Officials Offi",
      "team": 7,
      "gameday": 3
    }
  },
  {
    "model": "passcheck.passcheckverification",
    "pk": 2,
    "fields": {
      "created_at": "2024-02-09T13:27:56.199",
      "updated_at": "2024-02-09T13:27:56.199",
      "user": 1,
      "official_name": "Offi Officials",
      "team": 8,
      "gameday": 3
    }
  },
  {
    "model": "passcheck.passcheckverification",
    "pk": 3,
    "fields": {
      "created_at": "2024-02-09T13:29:04.875",
      "updated_at": "2024-02-09T13:29:04.875",
      "user": 1,
      "official_name": "Vor- und Nachname",
      "team": 10,
      "gameday": 3
    }
  },
  {
    "model": "passcheck.passcheckverification",
    "pk": 4,
    "fields": {
      "created_at": "2024-02-09T13:29:16.968",
      "updated_at": "2024-02-09T13:29:16.968",
      "user": 1,
      "official_name": "Dummy A",
      "team": 11,
      "gameday": 3
    }
  },
  {
    "model": "passcheck.passcheckverification",
    "pk": 5,
    "fields": {
      "created_at": "2024-02-09T13:29:51.211",
      "updated_at": "2024-02-09T13:29:51.211",
      "user": 1,
      "official_name": "Abnahme Von",
      "team": 9,
      "gameday": 3
    }
  },
  {
    "model": "passcheck.passcheckverification",
    "pk": 6,
    "fields": {
      "created_at": "2024-02-09T13:30:09.300",
      "updated_at": "2024-02-09T13:30:09.300",
      "user": 1,
      "official_name": "Offi Cial",
      "team": 12,
      "gameday": 3
    }
  },
  {
    "model": "passcheck.teamrelationship",
    "pk": 1,
    "fields": {
      "team": 1,
      "league": 1,
      "additional_teams": [
        7,
        13
      ]
    }
  },
  {
    "model": "passcheck.teamrelationship",
    "pk": 2,
    "fields": {
      "team": 7,
      "league": 2,
      "additional_teams": [
        1,
        13
      ]
    }
  },
  {
    "model": "passcheck.teamrelationship",
    "pk": 3,
    "fields": {
      "team": 13,
      "league": 4,
      "additional_teams": [
        1,
        7
      ]
    }
  },
  {
    "model": "passcheck.teamrelationship",
    "pk": 4,
    "fields": {
      "team": 2,
      "league": 1,
      "additional_teams": [
        8
      ]
    }
  },
  {
    "model": "passcheck.teamrelationship",
    "pk": 5,
    "fields": {
      "team": 8,
      "league": 2,
      "additional_teams": [
        2
      ]
    }
  },
  {
    "model": "passcheck.teamrelationship",
    "pk": 6,
    "fields": {
      "team": 15,
      "league": 4,
      "additional_teams": [
        3,
        9
      ]
    }
  },
  {
    "model": "passcheck.eligibilityrule",
    "pk": 1,
    "fields": {
      "league": 2,
      "max_gamedays": -1,
      "max_subs_in_other_leagues": null,
      "minimum_player_strength": 8,
      "maximum_player_strength": 15,
      "is_relegation_allowed": true,
      "min_gamedays_for_final": 2,
      "ignore_player_age_until": 19,
      "except_for_women": true,
      "eligible_in": [
        2
      ]
    }
  },
  {
    "model": "passcheck.eligibilityrule",
    "pk": 2,
    "fields": {
      "league": 1,
      "max_gamedays": -1,
      "max_subs_in_other_leagues": null,
      "minimum_player_strength": 8,
      "maximum_player_strength": 15,
      "is_relegation_allowed": true,
      "min_gamedays_for_final": 2,
      "ignore_player_age_until": 19,
      "except_for_women": true,
      "eligible_in": [
        1
      ]
    }
  },
  {
    "model": "passcheck.eligibilityrule",
    "pk": 3,
    "fields": {
      "league": 4,
      "max_gamedays": -1,
      "max_subs_in_other_leagues": null,
      "minimum_player_strength": 5,
      "maximum_player_strength": null,
      "is_relegation_allowed": true,
      "min_gamedays_for_final": 2,
      "ignore_player_age_until": 19,
      "except_for_women": true,
      "eligible_in": [
        4
      ]
    }
  },
  {
    "model": "passcheck.eligibilityrule",
    "pk": 4,
    "fields": {
      "league": 5,
      "max_gamedays": -1,
      "max_subs_in_other_leagues": null,
      "minimum_player_strength": 5,
      "maximum_player_strength": null,
      "is_relegation_allowed": true,
      "min_gamedays_for_final": 2,
      "ignore_player_age_until": 19,
      "except_for_women": true,
      "eligible_in": [
        5
      ]
    }
  },
  {
    "model": "passcheck.eligibilityrule",
    "pk": 5,
    "fields": {
      "league": 2,
      "max_gamedays": 2,
      "max_subs_in_other_leagues": 2,
      "minimum_player_strength": 2,
      "maximum_player_strength": null,
      "is_relegation_allowed": false,
      "min_gamedays_for_final": 2,
      "ignore_player_age_until": 19,
      "except_for_women": true,
      "eligible_in": [
        1,
        4
      ]
    }
  },
  {
    "model": "passcheck.eligibilityrule",
    "pk": 6,
    "fields": {
      "league": 1,
      "max_gamedays": 3,
      "max_subs_in_other_leagues": null,
      "minimum_player_strength": 1,
      "maximum_player_strength": null,
      "is_relegation_allowed": true,
      "min_gamedays_for_final": 2,
      "ignore_player_age_until": 19,
      "except_for_women": true,
      "eligible_in": [
        2
      ]
    }
  },
  {
    "model": "passcheck.eligibilityrule",
    "pk": 7,
    "fields": {
      "league": 1,
      "max_gamedays": 2,
      "max_subs_in_other_leagues": 2,
      "minimum_player_strength": 1,
      "maximum_player_strength": null,
      "is_relegation_allowed": false,
      "min_gamedays_for_final": 2,
      "ignore_player_age_until": 19,
      "except_for_women": true,
      "eligible_in": [
        4,
        5
      ]
    }
  },
  {
    "model": "passcheck.eligibilityrule",
    "pk": 8,
    "fields": {
      "league": 4,
      "max_gamedays": 3,
      "max_subs_in_other_leagues": null,
      "minimum_player_strength": 1,
      "maximum_player_strength": null,
      "is_relegation_allowed": true,
      "min_gamedays_for_final": 2,
      "ignore_player_age_until": 19,
      "except_for_women": true,
      "eligible_in": [
        1,
        2
      ]
    }
  },
  {
    "model": "passcheck.eligibilityrule",
    "pk": 9,
    "fields": {
      "league": 5,
      "max_gamedays": 3,
      "max_subs_in_other_leagues": null,
      "minimum_player_strength": 1,
      "maximum_player_strength": null,
      "is_relegation_allowed": true,
      "min_gamedays_for_final": 2,
      "ignore_player_age_until": 19,
      "except_for_women": true,
      "eligible_in": [
        1,
        2
      ]
    }
  },
  {
    "model": "passcheck.eligibilityrule",
    "pk": 10,
    "fields": {
      "league": 2,
      "max_gamedays": 0,
      "max_subs_in_other_leagues": 0,
      "minimum_player_strength": 0,
      "maximum_player_strength": 0,
      "is_relegation_allowed": false,
      "min_gamedays_for_final": 2,
      "ignore_player_age_until": 19,
      "except_for_women": true,
      "eligible_in": [
        5
      ]
    }
  }
]
